-- ESTADO
INSERT INTO TB_ESTADO (TX_SIGLA,TX_DESCRICAO) values ('AC','Acre');
INSERT INTO TB_ESTADO (TX_SIGLA,TX_DESCRICAO) values ('AL','Alagoas');
INSERT INTO TB_ESTADO (TX_SIGLA,TX_DESCRICAO) values ('PR','Paraná');
INSERT INTO TB_ESTADO (TX_SIGLA,TX_DESCRICAO) values ('SC','Santa Catarina');
INSERT INTO TB_ESTADO (TX_SIGLA,TX_DESCRICAO) values ('SP','São Paulo');
-----------------------------------------------
--------------- MUNICIPIO----------------------
-----------------------------------------------
----------------- ACRE ------------------------
INSERT INTO TB_MUNICIPIO (CD_CODIGO,TX_DESCRICAO,TX_ESTADO) VALUES (1 , 'Assis Brasil' , 'AC' );
INSERT INTO TB_MUNICIPIO (CD_CODIGO,TX_DESCRICAO,TX_ESTADO) VALUES (2 , 'Brasileia' , 'AC' );
INSERT INTO TB_MUNICIPIO (CD_CODIGO,TX_DESCRICAO,TX_ESTADO) VALUES (3 , 'Bujari' , 'AC' );
INSERT INTO TB_MUNICIPIO (CD_CODIGO,TX_DESCRICAO,TX_ESTADO) VALUES (4 , 'Capixaba' , 'AC' );
INSERT INTO TB_MUNICIPIO (CD_CODIGO,TX_DESCRICAO,TX_ESTADO) VALUES (5 , 'Cruzeiro do Sul' , 'AC' );
INSERT INTO TB_MUNICIPIO (CD_CODIGO,TX_DESCRICAO,TX_ESTADO) VALUES (6 , 'Epitaciolandia' , 'AC' );
INSERT INTO TB_MUNICIPIO (CD_CODIGO,TX_DESCRICAO,TX_ESTADO) VALUES (7 , 'Feijo' , 'AC' );
INSERT INTO TB_MUNICIPIO (CD_CODIGO,TX_DESCRICAO,TX_ESTADO) VALUES (8 , 'Jordao' , 'AC' );
INSERT INTO TB_MUNICIPIO (CD_CODIGO,TX_DESCRICAO,TX_ESTADO) VALUES (9 , 'Mancio Lima' , 'AC' );
INSERT INTO TB_MUNICIPIO (CD_CODIGO,TX_DESCRICAO,TX_ESTADO) VALUES (10 , 'Manoel Urbano' , 'AC' );
INSERT INTO TB_MUNICIPIO (CD_CODIGO,TX_DESCRICAO,TX_ESTADO) VALUES (11 , 'Marechal Thaumaturgo' , 'AC' );
INSERT INTO TB_MUNICIPIO (CD_CODIGO,TX_DESCRICAO,TX_ESTADO) VALUES (12 , 'Placido de Castro' , 'AC' );
INSERT INTO TB_MUNICIPIO (CD_CODIGO,TX_DESCRICAO,TX_ESTADO) VALUES (13 , 'Porto Acre' , 'AC' );
INSERT INTO TB_MUNICIPIO (CD_CODIGO,TX_DESCRICAO,TX_ESTADO) VALUES (14 , 'Porto Walter' , 'AC' );
INSERT INTO TB_MUNICIPIO (CD_CODIGO,TX_DESCRICAO,TX_ESTADO) VALUES (15 , 'Rio Branco' , 'AC' );
INSERT INTO TB_MUNICIPIO (CD_CODIGO,TX_DESCRICAO,TX_ESTADO) VALUES (16 , 'Rodrigues Alves' , 'AC' );
INSERT INTO TB_MUNICIPIO (CD_CODIGO,TX_DESCRICAO,TX_ESTADO) VALUES (17 , 'Santa Rosa' , 'AC' );
INSERT INTO TB_MUNICIPIO (CD_CODIGO,TX_DESCRICAO,TX_ESTADO) VALUES (18 , 'Sena Madureira' , 'AC' );
INSERT INTO TB_MUNICIPIO (CD_CODIGO,TX_DESCRICAO,TX_ESTADO) VALUES (19 , 'Senador Guiomard' , 'AC' );
INSERT INTO TB_MUNICIPIO (CD_CODIGO,TX_DESCRICAO,TX_ESTADO) VALUES (20 , 'Tarauaca' , 'AC' );
INSERT INTO TB_MUNICIPIO (CD_CODIGO,TX_DESCRICAO,TX_ESTADO) VALUES (21 , 'Xapuri' , 'AC' );
----------------- ALAGOAS ------------------------
INSERT INTO TB_MUNICIPIO (CD_CODIGO,TX_DESCRICAO,TX_ESTADO) VALUES (22 , 'Agua Branca' , 'AL' );
INSERT INTO TB_MUNICIPIO (CD_CODIGO,TX_DESCRICAO,TX_ESTADO) VALUES (23 , 'Alazao' , 'AL' );
INSERT INTO TB_MUNICIPIO (CD_CODIGO,TX_DESCRICAO,TX_ESTADO) VALUES (24 , 'Alecrim' , 'AL' );
INSERT INTO TB_MUNICIPIO (CD_CODIGO,TX_DESCRICAO,TX_ESTADO) VALUES (25 , 'Anadia' , 'AL' );
INSERT INTO TB_MUNICIPIO (CD_CODIGO,TX_DESCRICAO,TX_ESTADO) VALUES (26 , 'Anel' , 'AL' );
INSERT INTO TB_MUNICIPIO (CD_CODIGO,TX_DESCRICAO,TX_ESTADO) VALUES (27 , 'Anum Novo' , 'AL' );
INSERT INTO TB_MUNICIPIO (CD_CODIGO,TX_DESCRICAO,TX_ESTADO) VALUES (28 , 'Anum Velho' , 'AL' );
INSERT INTO TB_MUNICIPIO (CD_CODIGO,TX_DESCRICAO,TX_ESTADO) VALUES (29 , 'Arapiraca' , 'AL' );
INSERT INTO TB_MUNICIPIO (CD_CODIGO,TX_DESCRICAO,TX_ESTADO) VALUES (30 , 'Atalaia' , 'AL' );
INSERT INTO TB_MUNICIPIO (CD_CODIGO,TX_DESCRICAO,TX_ESTADO) VALUES (31 , 'Baixa da Onca' , 'AL' );
INSERT INTO TB_MUNICIPIO (CD_CODIGO,TX_DESCRICAO,TX_ESTADO) VALUES (32 , 'Baixa do Capim' , 'AL' );
INSERT INTO TB_MUNICIPIO (CD_CODIGO,TX_DESCRICAO,TX_ESTADO) VALUES (33 , 'Balsamo' , 'AL' );
INSERT INTO TB_MUNICIPIO (CD_CODIGO,TX_DESCRICAO,TX_ESTADO) VALUES (34 , 'Bananeiras' , 'AL' );
INSERT INTO TB_MUNICIPIO (CD_CODIGO,TX_DESCRICAO,TX_ESTADO) VALUES (35 , 'Barra de Santo Antonio' , 'AL' );
INSERT INTO TB_MUNICIPIO (CD_CODIGO,TX_DESCRICAO,TX_ESTADO) VALUES (36 , 'Barra de Sao Miguel' , 'AL' );
INSERT INTO TB_MUNICIPIO (CD_CODIGO,TX_DESCRICAO,TX_ESTADO) VALUES (37 , 'Barra do Bonifacio' , 'AL' );
INSERT INTO TB_MUNICIPIO (CD_CODIGO,TX_DESCRICAO,TX_ESTADO) VALUES (38 , 'Barra Grande' , 'AL' );
INSERT INTO TB_MUNICIPIO (CD_CODIGO,TX_DESCRICAO,TX_ESTADO) VALUES (39 , 'Batalha' , 'AL' );
INSERT INTO TB_MUNICIPIO (CD_CODIGO,TX_DESCRICAO,TX_ESTADO) VALUES (40 , 'Batingas' , 'AL' );
INSERT INTO TB_MUNICIPIO (CD_CODIGO,TX_DESCRICAO,TX_ESTADO) VALUES (41 , 'Belem' , 'AL' );
INSERT INTO TB_MUNICIPIO (CD_CODIGO,TX_DESCRICAO,TX_ESTADO) VALUES (42 , 'Belo Monte' , 'AL' );
INSERT INTO TB_MUNICIPIO (CD_CODIGO,TX_DESCRICAO,TX_ESTADO) VALUES (43 , 'Boa Sorte' , 'AL' );
INSERT INTO TB_MUNICIPIO (CD_CODIGO,TX_DESCRICAO,TX_ESTADO) VALUES (44 , 'Boa Vista' , 'AL' );
INSERT INTO TB_MUNICIPIO (CD_CODIGO,TX_DESCRICAO,TX_ESTADO) VALUES (45 , 'Boca da Mata' , 'AL' );
INSERT INTO TB_MUNICIPIO (CD_CODIGO,TX_DESCRICAO,TX_ESTADO) VALUES (46 , 'Bom Jardim' , 'AL' );
INSERT INTO TB_MUNICIPIO (CD_CODIGO,TX_DESCRICAO,TX_ESTADO) VALUES (47 , 'Bonifacio' , 'AL' );
INSERT INTO TB_MUNICIPIO (CD_CODIGO,TX_DESCRICAO,TX_ESTADO) VALUES (48 , 'Branquinha' , 'AL' );
INSERT INTO TB_MUNICIPIO (CD_CODIGO,TX_DESCRICAO,TX_ESTADO) VALUES (49 , 'Cacimbinhas' , 'AL' );
INSERT INTO TB_MUNICIPIO (CD_CODIGO,TX_DESCRICAO,TX_ESTADO) VALUES (50 , 'Cajarana' , 'AL' );
INSERT INTO TB_MUNICIPIO (CD_CODIGO,TX_DESCRICAO,TX_ESTADO) VALUES (51 , 'Cajueiro' , 'AL' );
INSERT INTO TB_MUNICIPIO (CD_CODIGO,TX_DESCRICAO,TX_ESTADO) VALUES (52 , 'Caldeiroes de Cima' , 'AL' );
INSERT INTO TB_MUNICIPIO (CD_CODIGO,TX_DESCRICAO,TX_ESTADO) VALUES (53 , 'Camadanta' , 'AL' );
INSERT INTO TB_MUNICIPIO (CD_CODIGO,TX_DESCRICAO,TX_ESTADO) VALUES (54 , 'Campestre' , 'AL' );
INSERT INTO TB_MUNICIPIO (CD_CODIGO,TX_DESCRICAO,TX_ESTADO) VALUES (55 , 'Campo Alegre' , 'AL' );
INSERT INTO TB_MUNICIPIO (CD_CODIGO,TX_DESCRICAO,TX_ESTADO) VALUES (56 , 'Campo Grande' , 'AL' );
INSERT INTO TB_MUNICIPIO (CD_CODIGO,TX_DESCRICAO,TX_ESTADO) VALUES (57 , 'Canaa' , 'AL' );
INSERT INTO TB_MUNICIPIO (CD_CODIGO,TX_DESCRICAO,TX_ESTADO) VALUES (58 , 'Canafistula' , 'AL' );
INSERT INTO TB_MUNICIPIO (CD_CODIGO,TX_DESCRICAO,TX_ESTADO) VALUES (59 , 'Canapi' , 'AL' );
INSERT INTO TB_MUNICIPIO (CD_CODIGO,TX_DESCRICAO,TX_ESTADO) VALUES (60 , 'Canastra' , 'AL' );
INSERT INTO TB_MUNICIPIO (CD_CODIGO,TX_DESCRICAO,TX_ESTADO) VALUES (61 , 'Cangandu' , 'AL' );
INSERT INTO TB_MUNICIPIO (CD_CODIGO,TX_DESCRICAO,TX_ESTADO) VALUES (62 , 'Capela' , 'AL' );
INSERT INTO TB_MUNICIPIO (CD_CODIGO,TX_DESCRICAO,TX_ESTADO) VALUES (63 , 'Carneiros' , 'AL' );
INSERT INTO TB_MUNICIPIO (CD_CODIGO,TX_DESCRICAO,TX_ESTADO) VALUES (64 , 'Carrasco' , 'AL' );
INSERT INTO TB_MUNICIPIO (CD_CODIGO,TX_DESCRICAO,TX_ESTADO) VALUES (65 , 'Cha Preta' , 'AL' );
INSERT INTO TB_MUNICIPIO (CD_CODIGO,TX_DESCRICAO,TX_ESTADO) VALUES (66 , 'Coite do Noia' , 'AL' );
INSERT INTO TB_MUNICIPIO (CD_CODIGO,TX_DESCRICAO,TX_ESTADO) VALUES (67 , 'Colonia Leopoldina' , 'AL' );
INSERT INTO TB_MUNICIPIO (CD_CODIGO,TX_DESCRICAO,TX_ESTADO) VALUES (68 , 'Coqueiro Seco' , 'AL' );
INSERT INTO TB_MUNICIPIO (CD_CODIGO,TX_DESCRICAO,TX_ESTADO) VALUES (69 , 'Coruripe' , 'AL' );
INSERT INTO TB_MUNICIPIO (CD_CODIGO,TX_DESCRICAO,TX_ESTADO) VALUES (70 , 'Coruripe da Cal' , 'AL' );
INSERT INTO TB_MUNICIPIO (CD_CODIGO,TX_DESCRICAO,TX_ESTADO) VALUES (71 , 'Craibas' , 'AL' );
INSERT INTO TB_MUNICIPIO (CD_CODIGO,TX_DESCRICAO,TX_ESTADO) VALUES (72 , 'Delmiro Gouveia' , 'AL' );
INSERT INTO TB_MUNICIPIO (CD_CODIGO,TX_DESCRICAO,TX_ESTADO) VALUES (73 , 'Dois Riachos' , 'AL' );
INSERT INTO TB_MUNICIPIO (CD_CODIGO,TX_DESCRICAO,TX_ESTADO) VALUES (74 , 'Entremontes' , 'AL' );
INSERT INTO TB_MUNICIPIO (CD_CODIGO,TX_DESCRICAO,TX_ESTADO) VALUES (75 , 'Estrela de Alagoas' , 'AL' );
INSERT INTO TB_MUNICIPIO (CD_CODIGO,TX_DESCRICAO,TX_ESTADO) VALUES (76 , 'Feira Grande' , 'AL' );
INSERT INTO TB_MUNICIPIO (CD_CODIGO,TX_DESCRICAO,TX_ESTADO) VALUES (77 , 'Feliz Deserto' , 'AL' );
INSERT INTO TB_MUNICIPIO (CD_CODIGO,TX_DESCRICAO,TX_ESTADO) VALUES (78 , 'Fernao Velho' , 'AL' );
INSERT INTO TB_MUNICIPIO (CD_CODIGO,TX_DESCRICAO,TX_ESTADO) VALUES (79 , 'Flexeiras' , 'AL' );
INSERT INTO TB_MUNICIPIO (CD_CODIGO,TX_DESCRICAO,TX_ESTADO) VALUES (80 , 'Floriano Peixoto' , 'AL' );
INSERT INTO TB_MUNICIPIO (CD_CODIGO,TX_DESCRICAO,TX_ESTADO) VALUES (81 , 'Gaspar' , 'AL' );
INSERT INTO TB_MUNICIPIO (CD_CODIGO,TX_DESCRICAO,TX_ESTADO) VALUES (82 , 'Girau do Ponciano' , 'AL' );
INSERT INTO TB_MUNICIPIO (CD_CODIGO,TX_DESCRICAO,TX_ESTADO) VALUES (83 , 'Ibateguara' , 'AL' );
INSERT INTO TB_MUNICIPIO (CD_CODIGO,TX_DESCRICAO,TX_ESTADO) VALUES (84 , 'Igaci' , 'AL' );
INSERT INTO TB_MUNICIPIO (CD_CODIGO,TX_DESCRICAO,TX_ESTADO) VALUES (85 , 'Igreja Nova' , 'AL' );
INSERT INTO TB_MUNICIPIO (CD_CODIGO,TX_DESCRICAO,TX_ESTADO) VALUES (86 , 'Inhapi' , 'AL' );
INSERT INTO TB_MUNICIPIO (CD_CODIGO,TX_DESCRICAO,TX_ESTADO) VALUES (87 , 'Jacare dos Homens' , 'AL' );
INSERT INTO TB_MUNICIPIO (CD_CODIGO,TX_DESCRICAO,TX_ESTADO) VALUES (88 , 'Jacuipe' , 'AL' );
INSERT INTO TB_MUNICIPIO (CD_CODIGO,TX_DESCRICAO,TX_ESTADO) VALUES (89 , 'Japaratinga' , 'AL' );
INSERT INTO TB_MUNICIPIO (CD_CODIGO,TX_DESCRICAO,TX_ESTADO) VALUES (90 , 'Jaramataia' , 'AL' );
INSERT INTO TB_MUNICIPIO (CD_CODIGO,TX_DESCRICAO,TX_ESTADO) VALUES (91 , 'Jenipapo' , 'AL' );
INSERT INTO TB_MUNICIPIO (CD_CODIGO,TX_DESCRICAO,TX_ESTADO) VALUES (92 , 'Joaquim Gomes' , 'AL' );
INSERT INTO TB_MUNICIPIO (CD_CODIGO,TX_DESCRICAO,TX_ESTADO) VALUES (93 , 'Jundia' , 'AL' );
INSERT INTO TB_MUNICIPIO (CD_CODIGO,TX_DESCRICAO,TX_ESTADO) VALUES (94 , 'Junqueiro' , 'AL' );
INSERT INTO TB_MUNICIPIO (CD_CODIGO,TX_DESCRICAO,TX_ESTADO) VALUES (95 , 'Lagoa da Areia' , 'AL' );
INSERT INTO TB_MUNICIPIO (CD_CODIGO,TX_DESCRICAO,TX_ESTADO) VALUES (96 , 'Lagoa da Canoa' , 'AL' );
INSERT INTO TB_MUNICIPIO (CD_CODIGO,TX_DESCRICAO,TX_ESTADO) VALUES (97 , 'Lagoa da Pedra' , 'AL' );
INSERT INTO TB_MUNICIPIO (CD_CODIGO,TX_DESCRICAO,TX_ESTADO) VALUES (98 , 'Lagoa Dantas' , 'AL' );
INSERT INTO TB_MUNICIPIO (CD_CODIGO,TX_DESCRICAO,TX_ESTADO) VALUES (99 , 'Lagoa do Caldeirao' , 'AL' );
INSERT INTO TB_MUNICIPIO (CD_CODIGO,TX_DESCRICAO,TX_ESTADO) VALUES (100 , 'Lagoa do Canto' , 'AL' );
INSERT INTO TB_MUNICIPIO (CD_CODIGO,TX_DESCRICAO,TX_ESTADO) VALUES (101 , 'Lagoa do Exu' , 'AL' );
INSERT INTO TB_MUNICIPIO (CD_CODIGO,TX_DESCRICAO,TX_ESTADO) VALUES (102 , 'Lagoa do Rancho' , 'AL' );
INSERT INTO TB_MUNICIPIO (CD_CODIGO,TX_DESCRICAO,TX_ESTADO) VALUES (103 , 'Lajes do Caldeirao' , 'AL' );
INSERT INTO TB_MUNICIPIO (CD_CODIGO,TX_DESCRICAO,TX_ESTADO) VALUES (104 , 'Laranjal' , 'AL' );
INSERT INTO TB_MUNICIPIO (CD_CODIGO,TX_DESCRICAO,TX_ESTADO) VALUES (105 , 'Limoeiro de Anadia' , 'AL' );
INSERT INTO TB_MUNICIPIO (CD_CODIGO,TX_DESCRICAO,TX_ESTADO) VALUES (106 , 'Maceio' , 'AL' );
INSERT INTO TB_MUNICIPIO (CD_CODIGO,TX_DESCRICAO,TX_ESTADO) VALUES (107 , 'Major Isidoro' , 'AL' );
INSERT INTO TB_MUNICIPIO (CD_CODIGO,TX_DESCRICAO,TX_ESTADO) VALUES (108 , 'Mar Vermelho' , 'AL' );
INSERT INTO TB_MUNICIPIO (CD_CODIGO,TX_DESCRICAO,TX_ESTADO) VALUES (109 , 'Maragogi' , 'AL' );
INSERT INTO TB_MUNICIPIO (CD_CODIGO,TX_DESCRICAO,TX_ESTADO) VALUES (110 , 'Maravilha' , 'AL' );
INSERT INTO TB_MUNICIPIO (CD_CODIGO,TX_DESCRICAO,TX_ESTADO) VALUES (111 , 'Marechal Deodoro' , 'AL' );
INSERT INTO TB_MUNICIPIO (CD_CODIGO,TX_DESCRICAO,TX_ESTADO) VALUES (112 , 'Maribondo' , 'AL' );
INSERT INTO TB_MUNICIPIO (CD_CODIGO,TX_DESCRICAO,TX_ESTADO) VALUES (113 , 'Massaranduba' , 'AL' );
INSERT INTO TB_MUNICIPIO (CD_CODIGO,TX_DESCRICAO,TX_ESTADO) VALUES (114 , 'Mata Grande' , 'AL' );
INSERT INTO TB_MUNICIPIO (CD_CODIGO,TX_DESCRICAO,TX_ESTADO) VALUES (115 , 'Matriz de Camaragibe' , 'AL' );
INSERT INTO TB_MUNICIPIO (CD_CODIGO,TX_DESCRICAO,TX_ESTADO) VALUES (116 , 'Messias' , 'AL' );
INSERT INTO TB_MUNICIPIO (CD_CODIGO,TX_DESCRICAO,TX_ESTADO) VALUES (117 , 'Minador do Negrao' , 'AL' );
INSERT INTO TB_MUNICIPIO (CD_CODIGO,TX_DESCRICAO,TX_ESTADO) VALUES (118 , 'Monteiropolis' , 'AL' );
INSERT INTO TB_MUNICIPIO (CD_CODIGO,TX_DESCRICAO,TX_ESTADO) VALUES (119 , 'Moreira' , 'AL' );
INSERT INTO TB_MUNICIPIO (CD_CODIGO,TX_DESCRICAO,TX_ESTADO) VALUES (120 , 'Munguba' , 'AL' );
INSERT INTO TB_MUNICIPIO (CD_CODIGO,TX_DESCRICAO,TX_ESTADO) VALUES (121 , 'Murici' , 'AL' );
INSERT INTO TB_MUNICIPIO (CD_CODIGO,TX_DESCRICAO,TX_ESTADO) VALUES (122 , 'Novo Lino' , 'AL' );
INSERT INTO TB_MUNICIPIO (CD_CODIGO,TX_DESCRICAO,TX_ESTADO) VALUES (123 , 'Olho D Agua Grande' , 'AL' );
INSERT INTO TB_MUNICIPIO (CD_CODIGO,TX_DESCRICAO,TX_ESTADO) VALUES (124 , 'Olho D' , 'AL' );
INSERT INTO TB_MUNICIPIO (CD_CODIGO,TX_DESCRICAO,TX_ESTADO) VALUES (125 , 'agua Das Flores' , 'AL' );
INSERT INTO TB_MUNICIPIO (CD_CODIGO,TX_DESCRICAO,TX_ESTADO) VALUES (126 , 'Olho D' , 'AL' );
INSERT INTO TB_MUNICIPIO (CD_CODIGO,TX_DESCRICAO,TX_ESTADO) VALUES (127 , 'agua De Cima' , 'AL' );
INSERT INTO TB_MUNICIPIO (CD_CODIGO,TX_DESCRICAO,TX_ESTADO) VALUES (128 , 'Olho D' , 'AL' );
INSERT INTO TB_MUNICIPIO (CD_CODIGO,TX_DESCRICAO,TX_ESTADO) VALUES (129 , 'agua Do Casado' , 'AL' );
INSERT INTO TB_MUNICIPIO (CD_CODIGO,TX_DESCRICAO,TX_ESTADO) VALUES (130 , 'Olho D' , 'AL' );
INSERT INTO TB_MUNICIPIO (CD_CODIGO,TX_DESCRICAO,TX_ESTADO) VALUES (131 , 'agua Dos Dandanhas' , 'AL' );
INSERT INTO TB_MUNICIPIO (CD_CODIGO,TX_DESCRICAO,TX_ESTADO) VALUES (132 , 'Olivenca' , 'AL' );
INSERT INTO TB_MUNICIPIO (CD_CODIGO,TX_DESCRICAO,TX_ESTADO) VALUES (133 , 'Ouro Branco' , 'AL' );
INSERT INTO TB_MUNICIPIO (CD_CODIGO,TX_DESCRICAO,TX_ESTADO) VALUES (134 , 'Palestina' , 'AL' );
INSERT INTO TB_MUNICIPIO (CD_CODIGO,TX_DESCRICAO,TX_ESTADO) VALUES (135 , 'Palmeira de Fora' , 'AL' );
INSERT INTO TB_MUNICIPIO (CD_CODIGO,TX_DESCRICAO,TX_ESTADO) VALUES (136 , 'Palmeira dos Indios' , 'AL' );
INSERT INTO TB_MUNICIPIO (CD_CODIGO,TX_DESCRICAO,TX_ESTADO) VALUES (137 , 'Pao de Acucar' , 'AL' );
INSERT INTO TB_MUNICIPIO (CD_CODIGO,TX_DESCRICAO,TX_ESTADO) VALUES (138 , 'Pariconha' , 'AL' );
INSERT INTO TB_MUNICIPIO (CD_CODIGO,TX_DESCRICAO,TX_ESTADO) VALUES (139 , 'Paripueira' , 'AL' );
INSERT INTO TB_MUNICIPIO (CD_CODIGO,TX_DESCRICAO,TX_ESTADO) VALUES (140 , 'Passo de Camaragibe' , 'AL' );
INSERT INTO TB_MUNICIPIO (CD_CODIGO,TX_DESCRICAO,TX_ESTADO) VALUES (141 , 'Pau D' , 'AL' );
INSERT INTO TB_MUNICIPIO (CD_CODIGO,TX_DESCRICAO,TX_ESTADO) VALUES (142 , 'arco' , 'AL' );
INSERT INTO TB_MUNICIPIO (CD_CODIGO,TX_DESCRICAO,TX_ESTADO) VALUES (143 , 'Pau Ferro' , 'AL' );
INSERT INTO TB_MUNICIPIO (CD_CODIGO,TX_DESCRICAO,TX_ESTADO) VALUES (144 , 'Paulo Jacinto' , 'AL' );
INSERT INTO TB_MUNICIPIO (CD_CODIGO,TX_DESCRICAO,TX_ESTADO) VALUES (145 , 'Penedo' , 'AL' );
INSERT INTO TB_MUNICIPIO (CD_CODIGO,TX_DESCRICAO,TX_ESTADO) VALUES (146 , 'Piacabucu' , 'AL' );
INSERT INTO TB_MUNICIPIO (CD_CODIGO,TX_DESCRICAO,TX_ESTADO) VALUES (147 , 'Pilar' , 'AL' );
INSERT INTO TB_MUNICIPIO (CD_CODIGO,TX_DESCRICAO,TX_ESTADO) VALUES (148 , 'Pindoba' , 'AL' );
INSERT INTO TB_MUNICIPIO (CD_CODIGO,TX_DESCRICAO,TX_ESTADO) VALUES (149 , 'Piranhas' , 'AL' );
INSERT INTO TB_MUNICIPIO (CD_CODIGO,TX_DESCRICAO,TX_ESTADO) VALUES (150 , 'Pocao' , 'AL' );
INSERT INTO TB_MUNICIPIO (CD_CODIGO,TX_DESCRICAO,TX_ESTADO) VALUES (151 , 'Poco da Pedra' , 'AL' );
INSERT INTO TB_MUNICIPIO (CD_CODIGO,TX_DESCRICAO,TX_ESTADO) VALUES (152 , 'Poco das Trincheiras' , 'AL' );
INSERT INTO TB_MUNICIPIO (CD_CODIGO,TX_DESCRICAO,TX_ESTADO) VALUES (153 , 'Porto Calvo' , 'AL' );
INSERT INTO TB_MUNICIPIO (CD_CODIGO,TX_DESCRICAO,TX_ESTADO) VALUES (154 , 'Porto de Pedras' , 'AL' );
INSERT INTO TB_MUNICIPIO (CD_CODIGO,TX_DESCRICAO,TX_ESTADO) VALUES (155 , 'Porto Real do Colegio' , 'AL' );
INSERT INTO TB_MUNICIPIO (CD_CODIGO,TX_DESCRICAO,TX_ESTADO) VALUES (156 , 'Poxim' , 'AL' );
INSERT INTO TB_MUNICIPIO (CD_CODIGO,TX_DESCRICAO,TX_ESTADO) VALUES (157 , 'Quebrangulo' , 'AL' );
INSERT INTO TB_MUNICIPIO (CD_CODIGO,TX_DESCRICAO,TX_ESTADO) VALUES (158 , 'Riacho do Sertao' , 'AL' );
INSERT INTO TB_MUNICIPIO (CD_CODIGO,TX_DESCRICAO,TX_ESTADO) VALUES (159 , 'Riacho Fundo de Cima' , 'AL' );
INSERT INTO TB_MUNICIPIO (CD_CODIGO,TX_DESCRICAO,TX_ESTADO) VALUES (160 , 'Rio Largo' , 'AL' );
INSERT INTO TB_MUNICIPIO (CD_CODIGO,TX_DESCRICAO,TX_ESTADO) VALUES (161 , 'Rocha Cavalcante' , 'AL' );
INSERT INTO TB_MUNICIPIO (CD_CODIGO,TX_DESCRICAO,TX_ESTADO) VALUES (162 , 'Roteiro' , 'AL' );
INSERT INTO TB_MUNICIPIO (CD_CODIGO,TX_DESCRICAO,TX_ESTADO) VALUES (163 , 'Santa Efigenia' , 'AL' );
INSERT INTO TB_MUNICIPIO (CD_CODIGO,TX_DESCRICAO,TX_ESTADO) VALUES (164 , 'Santa Luzia do Norte' , 'AL' );
INSERT INTO TB_MUNICIPIO (CD_CODIGO,TX_DESCRICAO,TX_ESTADO) VALUES (165 , 'Santana do Ipanema' , 'AL' );
INSERT INTO TB_MUNICIPIO (CD_CODIGO,TX_DESCRICAO,TX_ESTADO) VALUES (166 , 'Santana do Mundau' , 'AL' );
INSERT INTO TB_MUNICIPIO (CD_CODIGO,TX_DESCRICAO,TX_ESTADO) VALUES (167 , 'Santo Antonio' , 'AL' );
INSERT INTO TB_MUNICIPIO (CD_CODIGO,TX_DESCRICAO,TX_ESTADO) VALUES (168 , 'Sao Bras' , 'AL' );
INSERT INTO TB_MUNICIPIO (CD_CODIGO,TX_DESCRICAO,TX_ESTADO) VALUES (169 , 'Sao Jose da Laje' , 'AL' );
INSERT INTO TB_MUNICIPIO (CD_CODIGO,TX_DESCRICAO,TX_ESTADO) VALUES (170 , 'Sao Jose da Tapera' , 'AL' );
INSERT INTO TB_MUNICIPIO (CD_CODIGO,TX_DESCRICAO,TX_ESTADO) VALUES (171 , 'Sao Luis do Quitunde' , 'AL' );
INSERT INTO TB_MUNICIPIO (CD_CODIGO,TX_DESCRICAO,TX_ESTADO) VALUES (172 , 'Sao Miguel dos Campos' , 'AL' );
INSERT INTO TB_MUNICIPIO (CD_CODIGO,TX_DESCRICAO,TX_ESTADO) VALUES (173 , 'Sao Miguel dos Milagres' , 'AL' );
INSERT INTO TB_MUNICIPIO (CD_CODIGO,TX_DESCRICAO,TX_ESTADO) VALUES (174 , 'Sao Sebastiao' , 'AL' );
INSERT INTO TB_MUNICIPIO (CD_CODIGO,TX_DESCRICAO,TX_ESTADO) VALUES (175 , 'Sapucaia' , 'AL' );
INSERT INTO TB_MUNICIPIO (CD_CODIGO,TX_DESCRICAO,TX_ESTADO) VALUES (176 , 'Satuba' , 'AL' );
INSERT INTO TB_MUNICIPIO (CD_CODIGO,TX_DESCRICAO,TX_ESTADO) VALUES (177 , 'Senador Rui Palmeira' , 'AL' );
INSERT INTO TB_MUNICIPIO (CD_CODIGO,TX_DESCRICAO,TX_ESTADO) VALUES (178 , 'Serra da Mandioca' , 'AL' );
INSERT INTO TB_MUNICIPIO (CD_CODIGO,TX_DESCRICAO,TX_ESTADO) VALUES (179 , 'Serra do Sao Jose' , 'AL' );
INSERT INTO TB_MUNICIPIO (CD_CODIGO,TX_DESCRICAO,TX_ESTADO) VALUES (180 , 'Taboleiro do Pinto' , 'AL' );
INSERT INTO TB_MUNICIPIO (CD_CODIGO,TX_DESCRICAO,TX_ESTADO) VALUES (181 , 'Taboquinha' , 'AL' );
INSERT INTO TB_MUNICIPIO (CD_CODIGO,TX_DESCRICAO,TX_ESTADO) VALUES (182 , 'Tanque D' , 'AL' );
INSERT INTO TB_MUNICIPIO (CD_CODIGO,TX_DESCRICAO,TX_ESTADO) VALUES (183 , 'arca' , 'AL' );
INSERT INTO TB_MUNICIPIO (CD_CODIGO,TX_DESCRICAO,TX_ESTADO) VALUES (184 , 'Taquarana' , 'AL' );
INSERT INTO TB_MUNICIPIO (CD_CODIGO,TX_DESCRICAO,TX_ESTADO) VALUES (185 , 'Tatuamunha' , 'AL' );
INSERT INTO TB_MUNICIPIO (CD_CODIGO,TX_DESCRICAO,TX_ESTADO) VALUES (186 , 'Teotonio Vilela' , 'AL' );
INSERT INTO TB_MUNICIPIO (CD_CODIGO,TX_DESCRICAO,TX_ESTADO) VALUES (187 , 'Traipu' , 'AL' );
INSERT INTO TB_MUNICIPIO (CD_CODIGO,TX_DESCRICAO,TX_ESTADO) VALUES (188 , 'Uniao dos Palmares' , 'AL' );
INSERT INTO TB_MUNICIPIO (CD_CODIGO,TX_DESCRICAO,TX_ESTADO) VALUES (189 , 'Usina Camacari' , 'AL' );
INSERT INTO TB_MUNICIPIO (CD_CODIGO,TX_DESCRICAO,TX_ESTADO) VALUES (190 , 'Vicosa' , 'AL' );
INSERT INTO TB_MUNICIPIO (CD_CODIGO,TX_DESCRICAO,TX_ESTADO) VALUES (191 , 'Vila Aparecida' , 'AL' );
INSERT INTO TB_MUNICIPIO (CD_CODIGO,TX_DESCRICAO,TX_ESTADO) VALUES (192 , 'Vila Sao Francisco' , 'AL' );

-- USUARIO
INSERT INTO TB_USUARIO (TX_CPF, TX_EMAIL, TX_LOGIN, CD_MUNICIPIO, TX_NOME, IN_PERFIL, TX_SENHA, IN_STATUS, CD_CODIGO) VALUES ('00000000000','naoimformado@naoinformado.com' , 'naoinformado', 1, 'NÃO INFORMADO', 'PRODUTOR', '.', 'ATIVO', '0');
INSERT INTO TB_USUARIO (TX_CPF, TX_EMAIL, TX_LOGIN, CD_MUNICIPIO, TX_NOME, IN_PERFIL, TX_SENHA, IN_STATUS, CD_CODIGO) VALUES ('06787416970','thiago@sabrh.com.br' , 'thiago', 1, 'Thiago Alves', 'ADMINISTRADOR', '4QrcOUm6Wau+VuBX8g+IPg==', 'ATIVO', '1');
INSERT INTO TB_USUARIO (TX_CPF, TX_EMAIL, TX_LOGIN, CD_MUNICIPIO, TX_NOME, IN_PERFIL, TX_SENHA, IN_STATUS, CD_CODIGO) VALUES ('00000000191','rony@sabrh.com.br' , 'rony.sartor', 2, 'Rony Sartor', 'PRODUTOR', '4QrcOUm6Wau+VuBX8g+IPg==', 'ATIVO', '2');
INSERT INTO TB_USUARIO (TX_CPF, TX_EMAIL, TX_LOGIN, CD_MUNICIPIO, TX_NOME, IN_PERFIL, TX_SENHA, IN_STATUS, CD_CODIGO) VALUES ('51457450879','guilherme@sabrh.com.br' , 'guilherme.chiste', 3, 'Guilherme Chisté', 'PRODUTOR', '4QrcOUm6Wau+VuBX8g+IPg==', 'ATIVO', '3');
INSERT INTO TB_USUARIO (TX_CPF, TX_EMAIL, TX_LOGIN, CD_MUNICIPIO, TX_NOME, IN_PERFIL, TX_SENHA, IN_STATUS, CD_CODIGO) VALUES ('86436857710','marlon@sabrh.com.br' , 'marlon.castro', 4, 'Marlon Castro', 'ESPECIALISTA', '4QrcOUm6Wau+VuBX8g+IPg==', 'ATIVO', '4');

-- PROPRIEDADE
INSERT INTO TB_PROPRIEDADE (CD_PROPRIEDADE,TX_NOME,TX_TELEFONE,CD_MUNICIPIO,CD_PROPRIETARIO) VALUES (0,'NÃO INFORMADA','9999999999',1,0);
INSERT INTO TB_PROPRIEDADE (CD_PROPRIEDADE,TX_NOME,TX_TELEFONE,CD_MUNICIPIO,CD_PROPRIETARIO) VALUES (1,'Fazenda 1','1231231231',1,2);
INSERT INTO TB_PROPRIEDADE (CD_PROPRIEDADE,TX_NOME,TX_TELEFONE,CD_MUNICIPIO,CD_PROPRIETARIO) VALUES (2,'Fazenda 2','1231231231',2,3);
INSERT INTO TB_PROPRIEDADE (CD_PROPRIEDADE,TX_NOME,TX_TELEFONE,CD_MUNICIPIO,CD_PROPRIETARIO) VALUES (3,'Fazenda 3','1231231231',3,3);
INSERT INTO TB_PROPRIEDADE (CD_PROPRIEDADE,TX_NOME,TX_TELEFONE,CD_MUNICIPIO,CD_PROPRIETARIO) VALUES (4,'Fazenda 4','1231231231',3,2);
INSERT INTO TB_PROPRIEDADE (CD_PROPRIEDADE,TX_NOME,TX_TELEFONE,CD_MUNICIPIO,CD_PROPRIETARIO) VALUES (5,'Fazenda 5','1231231231',1,2);

-- ANIMAIS
-- NÂO INFORMADO
INSERT INTO TB_ANIMAL (TX_REGISTRO, TX_APELIDO, DT_NASCIMENTO, TX_NOME, TX_SEXO,CD_PROPRIEDADE, IN_STATUS) VALUES ('000000000000000', 'NÃO INFORMADO', TO_DATE('01/01/1900', 'DD/MM/RR'), 'NÃO INFORMADO', 'FEMEA', 0, 'DESCARTE')
INSERT INTO TB_ANIMAL (TX_REGISTRO, TX_APELIDO, DT_NASCIMENTO, TX_NOME, TX_SEXO,CD_PROPRIEDADE) VALUES ('000000000000001', 'NÃO INFORMADO', TO_DATE('01/01/1900', 'DD/MM/RR'), 'NÃO INFORMADO', 'MACHO',0)
-- AVOS 
INSERT INTO TB_ANIMAL (TX_REGISTRO, TX_APELIDO, DT_NASCIMENTO, TX_NOME, TX_SEXO, TX_REGISTRO_MAE, TX_REGISTRO_PAI, CD_PROPRIEDADE, IN_STATUS) VALUES ('XXXXXXXXXXXXX1', 'Mimosa', TO_DATE('01/01/2001', 'DD/MM/RR'), 'Mimosa da Silva', 'FEMEA', '000000000000000', '000000000000001', '1', 'DESCARTE')
INSERT INTO TB_ANIMAL (TX_REGISTRO, TX_APELIDO, DT_NASCIMENTO, TX_NOME, TX_SEXO, TX_REGISTRO_MAE, TX_REGISTRO_PAI, CD_PROPRIEDADE) VALUES ('XXXXXXXXXXXXX2', 'Bandido', TO_DATE('01/01/2002', 'DD/MM/RR'), 'Bandido dos Santos', 'MACHO', '000000000000000', '000000000000001', '2')
INSERT INTO TB_ANIMAL (TX_REGISTRO, TX_APELIDO, DT_NASCIMENTO, TX_NOME, TX_SEXO, TX_REGISTRO_MAE, TX_REGISTRO_PAI, CD_PROPRIEDADE, IN_STATUS) VALUES ('XXXXXXXXXXXXX3', 'Mimosa', TO_DATE('01/01/2001', 'DD/MM/RR'), 'Mimosa da Silva', 'FEMEA', '000000000000000', '000000000000001', '1', 'DESCARTE')
INSERT INTO TB_ANIMAL (TX_REGISTRO, TX_APELIDO, DT_NASCIMENTO, TX_NOME, TX_SEXO, TX_REGISTRO_MAE, TX_REGISTRO_PAI, CD_PROPRIEDADE) VALUES ('XXXXXXXXXXXXX4', 'Pata Manca', TO_DATE('01/01/2002', 'DD/MM/RR'), 'Pata Manca de Oliveira', 'MACHO', '000000000000000', '000000000000001', '2')

INSERT INTO TB_ANIMAL (TX_REGISTRO, TX_APELIDO, DT_NASCIMENTO, TX_NOME, TX_SEXO, TX_REGISTRO_MAE, TX_REGISTRO_PAI, CD_PROPRIEDADE, IN_STATUS) VALUES ('XXXXXXXXXXXXX5', 'Rosinha', TO_DATE('01/01/2001', 'DD/MM/RR'), 'Rosinha Aparecida', 'FEMEA', '000000000000000', '000000000000001', '1', 'DESCARTE')
INSERT INTO TB_ANIMAL (TX_REGISTRO, TX_APELIDO, DT_NASCIMENTO, TX_NOME, TX_SEXO, TX_REGISTRO_MAE, TX_REGISTRO_PAI, CD_PROPRIEDADE) VALUES ('XXXXXXXXXXXXX6', 'Pé de Pano', TO_DATE('01/01/2002', 'DD/MM/RR'), 'Pé de Pano Abreu', 'MACHO', '000000000000000', '000000000000001', '2')
INSERT INTO TB_ANIMAL (TX_REGISTRO, TX_APELIDO, DT_NASCIMENTO, TX_NOME, TX_SEXO, TX_REGISTRO_MAE, TX_REGISTRO_PAI, CD_PROPRIEDADE, IN_STATUS) VALUES ('XXXXXXXXXXXXX7', 'Maria', TO_DATE('01/01/2001', 'DD/MM/RR'), 'Maria Souza', 'FEMEA', '000000000000000', '000000000000001', '1', 'DESCARTE')
INSERT INTO TB_ANIMAL (TX_REGISTRO, TX_APELIDO, DT_NASCIMENTO, TX_NOME, TX_SEXO, TX_REGISTRO_MAE, TX_REGISTRO_PAI, CD_PROPRIEDADE) VALUES ('XXXXXXXXXXXXX8', 'Joselito', TO_DATE('01/01/2002', 'DD/MM/RR'), 'Joselito sem Noção', 'MACHO', '000000000000000', '000000000000001', '2')
-- PAIS
INSERT INTO TB_ANIMAL (TX_REGISTRO, TX_APELIDO, DT_NASCIMENTO, TX_NOME, TX_SEXO, TX_REGISTRO_MAE, TX_REGISTRO_PAI, CD_PROPRIEDADE, IN_STATUS) VALUES ('XXXXXXXXXXXXX9', 'Florisbela', TO_DATE('01/02/2010', 'DD/MM/RR'), 'Florisbela Oliveira', 'FEMEA', 'XXXXXXXXXXXXX1', 'XXXXXXXXXXXXX2', '1', 'AMAMENTAÇÃO')
INSERT INTO TB_ANIMAL (TX_REGISTRO, TX_APELIDO, DT_NASCIMENTO, TX_NOME, TX_SEXO, TX_REGISTRO_MAE, TX_REGISTRO_PAI, CD_PROPRIEDADE) VALUES ('XXXXXXXXXXXX10', 'Barnabé', TO_DATE('01/01/2002', 'DD/MM/RR'), 'Barnabé Assis', 'MACHO', 'XXXXXXXXXXXXX3', 'XXXXXXXXXXXXX4', '2')

INSERT INTO TB_ANIMAL (TX_REGISTRO, TX_APELIDO, DT_NASCIMENTO, TX_NOME, TX_SEXO, TX_REGISTRO_MAE, TX_REGISTRO_PAI, CD_PROPRIEDADE, IN_STATUS) VALUES ('XXXXXXXXXXXX11', 'Margarida', TO_DATE('01/02/2010', 'DD/MM/RR'), 'Margarida da Silva Santos', 'FEMEA', 'XXXXXXXXXXXXX5', 'XXXXXXXXXXXXX6', '1', 'AMAMENTAÇÃO')
INSERT INTO TB_ANIMAL (TX_REGISTRO, TX_APELIDO, DT_NASCIMENTO, TX_NOME, TX_SEXO, TX_REGISTRO_MAE, TX_REGISTRO_PAI, CD_PROPRIEDADE) VALUES ('XXXXXXXXXXXX12', 'Jacinto', TO_DATE('01/01/2002', 'DD/MM/RR'), 'Jacinto Silva', 'MACHO', 'XXXXXXXXXXXXX7', 'XXXXXXXXXXXXX8', '2')

-- FILHOS
INSERT INTO TB_ANIMAL (TX_REGISTRO, TX_APELIDO, DT_NASCIMENTO, TX_NOME, TX_SEXO, TX_REGISTRO_MAE, TX_REGISTRO_PAI, CD_PROPRIEDADE, IN_STATUS) VALUES ('XXXXXXXXXXXX13', 'Pimposa', TO_DATE('01/02/2010', 'DD/MM/RR'), 'Suzamara Margarida dos Santos', 'FEMEA', 'XXXXXXXXXXXXX9', 'XXXXXXXXXXXX10', '1', 'GESTAÇÃO')
INSERT INTO TB_ANIMAL (TX_REGISTRO, TX_APELIDO, DT_NASCIMENTO, TX_NOME, TX_SEXO, TX_REGISTRO_MAE, TX_REGISTRO_PAI, CD_PROPRIEDADE) VALUES ('XXXXXXXXXXXX14', 'Frederico', TO_DATE('01/01/2002', 'DD/MM/RR'), 'Frederico Moscatelli', 'MACHO', 'XXXXXXXXXXXX11', 'XXXXXXXXXXXX12', '2')

-- CLASSIFICACAO LINEAR
INSERT INTO TB_CLASSIFICACAO_LINEAR (CD_CODIGO,VL_ALTURA_UBERE_POST,VL_ANGULO_CASCO,VL_ANGULO_GARUPA,VL_ANGULOSIDADE,TX_CLASS_FINAL,VL_COLOC_TETOS_ANT,VL_COLOCACAO_TETOS_POST,VL_COMPRIMENTO_TETOS,DT_CLASSIFICACAO,VL_ESCORE_CORPORAL,VL_ESTATURA,VL_FORCA_LOMBO,VL_INSERCAO_UBERE_ANT,VL_LACTACAO,VL_LARGURA_GARUPA,VL_LARGURA_PEITO,VL_LARGURA_UBERE_POST,VL_LIGAMENTO_MEDIO,VL_NIV_NIVEL_SUP,VL_PERNAS_POST_LATERAL,VL_PERNAS_POST_POST,VL_PONT_FINAL,VL_PONT_FORCA_LEITEIRA,VL_PONT_GARUPA,VL_PONT_PERNAS_PES,VL_PONT_SISTEMA_MAMARIO,VL_PROFUNDIDADE_CORPORAL,VL_PROFUND_TALAO,VL_PROFUND_UBERE,VL_QUALIDADE_OSSEA,VL_TEXTURA_UBERE,CD_ANIMAL) values (1,9,9,9,9,'MB',9,9,9,to_timestamp('19/10/10','DD/MM/RR HH24:MI:SSXFF'),9,9,9,9,1,9,9,9,9,9,9,9,99,99,9,99,99,9,9,9,9,9,'XXXXXXXXXXXX13');
INSERT INTO TB_CLASSIFICACAO_LINEAR (CD_CODIGO,VL_ALTURA_UBERE_POST,VL_ANGULO_CASCO,VL_ANGULO_GARUPA,VL_ANGULOSIDADE,TX_CLASS_FINAL,VL_COLOC_TETOS_ANT,VL_COLOCACAO_TETOS_POST,VL_COMPRIMENTO_TETOS,DT_CLASSIFICACAO,VL_ESCORE_CORPORAL,VL_ESTATURA,VL_FORCA_LOMBO,VL_INSERCAO_UBERE_ANT,VL_LACTACAO,VL_LARGURA_GARUPA,VL_LARGURA_PEITO,VL_LARGURA_UBERE_POST,VL_LIGAMENTO_MEDIO,VL_NIV_NIVEL_SUP,VL_PERNAS_POST_LATERAL,VL_PERNAS_POST_POST,VL_PONT_FINAL,VL_PONT_FORCA_LEITEIRA,VL_PONT_GARUPA,VL_PONT_PERNAS_PES,VL_PONT_SISTEMA_MAMARIO,VL_PROFUNDIDADE_CORPORAL,VL_PROFUND_TALAO,VL_PROFUND_UBERE,VL_QUALIDADE_OSSEA,VL_TEXTURA_UBERE,CD_ANIMAL) values (2,9,9,9,9,'B+',9,9,9,to_timestamp('19/10/10','DD/MM/RR HH24:MI:SSXFF'),9,9,9,9,2,9,9,9,9,9,9,9,99,99,9,99,99,9,9,9,9,9,'XXXXXXXXXXXX11');
INSERT INTO TB_CLASSIFICACAO_LINEAR (CD_CODIGO,VL_ALTURA_UBERE_POST,VL_ANGULO_CASCO,VL_ANGULO_GARUPA,VL_ANGULOSIDADE,TX_CLASS_FINAL,VL_COLOC_TETOS_ANT,VL_COLOCACAO_TETOS_POST,VL_COMPRIMENTO_TETOS,DT_CLASSIFICACAO,VL_ESCORE_CORPORAL,VL_ESTATURA,VL_FORCA_LOMBO,VL_INSERCAO_UBERE_ANT,VL_LACTACAO,VL_LARGURA_GARUPA,VL_LARGURA_PEITO,VL_LARGURA_UBERE_POST,VL_LIGAMENTO_MEDIO,VL_NIV_NIVEL_SUP,VL_PERNAS_POST_LATERAL,VL_PERNAS_POST_POST,VL_PONT_FINAL,VL_PONT_FORCA_LEITEIRA,VL_PONT_GARUPA,VL_PONT_PERNAS_PES,VL_PONT_SISTEMA_MAMARIO,VL_PROFUNDIDADE_CORPORAL,VL_PROFUND_TALAO,VL_PROFUND_UBERE,VL_QUALIDADE_OSSEA,VL_TEXTURA_UBERE,CD_ANIMAL) values (3,9,9,9,9,'B',9,9,9,to_timestamp('19/10/10','DD/MM/RR HH24:MI:SSXFF'),9,9,9,9,3,9,9,9,9,9,9,9,99,99,9,99,99,9,9,9,9,9,'XXXXXXXXXXXX13');
INSERT INTO TB_CLASSIFICACAO_LINEAR (CD_CODIGO,VL_ALTURA_UBERE_POST,VL_ANGULO_CASCO,VL_ANGULO_GARUPA,VL_ANGULOSIDADE,TX_CLASS_FINAL,VL_COLOC_TETOS_ANT,VL_COLOCACAO_TETOS_POST,VL_COMPRIMENTO_TETOS,DT_CLASSIFICACAO,VL_ESCORE_CORPORAL,VL_ESTATURA,VL_FORCA_LOMBO,VL_INSERCAO_UBERE_ANT,VL_LACTACAO,VL_LARGURA_GARUPA,VL_LARGURA_PEITO,VL_LARGURA_UBERE_POST,VL_LIGAMENTO_MEDIO,VL_NIV_NIVEL_SUP,VL_PERNAS_POST_LATERAL,VL_PERNAS_POST_POST,VL_PONT_FINAL,VL_PONT_FORCA_LEITEIRA,VL_PONT_GARUPA,VL_PONT_PERNAS_PES,VL_PONT_SISTEMA_MAMARIO,VL_PROFUNDIDADE_CORPORAL,VL_PROFUND_TALAO,VL_PROFUND_UBERE,VL_QUALIDADE_OSSEA,VL_TEXTURA_UBERE,CD_ANIMAL) values (4,9,9,9,9,'SU',9,9,9,to_timestamp('19/10/10','DD/MM/RR HH24:MI:SSXFF'),9,9,9,9,4,9,9,9,9,9,9,9,99,99,9,99,99,9,9,9,9,9,'XXXXXXXXXXXX13');
INSERT INTO TB_CLASSIFICACAO_LINEAR (CD_CODIGO,VL_ALTURA_UBERE_POST,VL_ANGULO_CASCO,VL_ANGULO_GARUPA,VL_ANGULOSIDADE,TX_CLASS_FINAL,VL_COLOC_TETOS_ANT,VL_COLOCACAO_TETOS_POST,VL_COMPRIMENTO_TETOS,DT_CLASSIFICACAO,VL_ESCORE_CORPORAL,VL_ESTATURA,VL_FORCA_LOMBO,VL_INSERCAO_UBERE_ANT,VL_LACTACAO,VL_LARGURA_GARUPA,VL_LARGURA_PEITO,VL_LARGURA_UBERE_POST,VL_LIGAMENTO_MEDIO,VL_NIV_NIVEL_SUP,VL_PERNAS_POST_LATERAL,VL_PERNAS_POST_POST,VL_PONT_FINAL,VL_PONT_FORCA_LEITEIRA,VL_PONT_GARUPA,VL_PONT_PERNAS_PES,VL_PONT_SISTEMA_MAMARIO,VL_PROFUNDIDADE_CORPORAL,VL_PROFUND_TALAO,VL_PROFUND_UBERE,VL_QUALIDADE_OSSEA,VL_TEXTURA_UBERE,CD_ANIMAL) values (5,9,9,9,9,'QB',9,9,9,to_timestamp('19/10/10','DD/MM/RR HH24:MI:SSXFF'),9,9,9,9,5,9,9,9,9,9,9,9,99,99,9,99,99,9,9,9,9,9,'XXXXXXXXXXXX13');
INSERT INTO TB_CLASSIFICACAO_LINEAR (CD_CODIGO,VL_ALTURA_UBERE_POST,VL_ANGULO_CASCO,VL_ANGULO_GARUPA,VL_ANGULOSIDADE,TX_CLASS_FINAL,VL_COLOC_TETOS_ANT,VL_COLOCACAO_TETOS_POST,VL_COMPRIMENTO_TETOS,DT_CLASSIFICACAO,VL_ESCORE_CORPORAL,VL_ESTATURA,VL_FORCA_LOMBO,VL_INSERCAO_UBERE_ANT,VL_LACTACAO,VL_LARGURA_GARUPA,VL_LARGURA_PEITO,VL_LARGURA_UBERE_POST,VL_LIGAMENTO_MEDIO,VL_NIV_NIVEL_SUP,VL_PERNAS_POST_LATERAL,VL_PERNAS_POST_POST,VL_PONT_FINAL,VL_PONT_FORCA_LEITEIRA,VL_PONT_GARUPA,VL_PONT_PERNAS_PES,VL_PONT_SISTEMA_MAMARIO,VL_PROFUNDIDADE_CORPORAL,VL_PROFUND_TALAO,VL_PROFUND_UBERE,VL_QUALIDADE_OSSEA,VL_TEXTURA_UBERE,CD_ANIMAL) values (6,9,9,9,9,'EX',9,9,9,to_timestamp('19/10/10','DD/MM/RR HH24:MI:SSXFF'),9,9,9,9,1,9,9,9,9,9,9,9,99,99,9,99,99,9,9,9,9,9,'XXXXXXXXXXXX11');
INSERT INTO TB_CLASSIFICACAO_LINEAR (CD_CODIGO,VL_ALTURA_UBERE_POST,VL_ANGULO_CASCO,VL_ANGULO_GARUPA,VL_ANGULOSIDADE,TX_CLASS_FINAL,VL_COLOC_TETOS_ANT,VL_COLOCACAO_TETOS_POST,VL_COMPRIMENTO_TETOS,DT_CLASSIFICACAO,VL_ESCORE_CORPORAL,VL_ESTATURA,VL_FORCA_LOMBO,VL_INSERCAO_UBERE_ANT,VL_LACTACAO,VL_LARGURA_GARUPA,VL_LARGURA_PEITO,VL_LARGURA_UBERE_POST,VL_LIGAMENTO_MEDIO,VL_NIV_NIVEL_SUP,VL_PERNAS_POST_LATERAL,VL_PERNAS_POST_POST,VL_PONT_FINAL,VL_PONT_FORCA_LEITEIRA,VL_PONT_GARUPA,VL_PONT_PERNAS_PES,VL_PONT_SISTEMA_MAMARIO,VL_PROFUNDIDADE_CORPORAL,VL_PROFUND_TALAO,VL_PROFUND_UBERE,VL_QUALIDADE_OSSEA,VL_TEXTURA_UBERE,CD_ANIMAL) values (7,9,9,9,9,'MB',9,9,9,to_timestamp('19/10/10','DD/MM/RR HH24:MI:SSXFF'),9,9,9,9,2,9,9,9,9,9,9,9,99,99,9,99,99,9,9,9,9,9,'XXXXXXXXXXXX11');
INSERT INTO TB_CLASSIFICACAO_LINEAR (CD_CODIGO,VL_ALTURA_UBERE_POST,VL_ANGULO_CASCO,VL_ANGULO_GARUPA,VL_ANGULOSIDADE,TX_CLASS_FINAL,VL_COLOC_TETOS_ANT,VL_COLOCACAO_TETOS_POST,VL_COMPRIMENTO_TETOS,DT_CLASSIFICACAO,VL_ESCORE_CORPORAL,VL_ESTATURA,VL_FORCA_LOMBO,VL_INSERCAO_UBERE_ANT,VL_LACTACAO,VL_LARGURA_GARUPA,VL_LARGURA_PEITO,VL_LARGURA_UBERE_POST,VL_LIGAMENTO_MEDIO,VL_NIV_NIVEL_SUP,VL_PERNAS_POST_LATERAL,VL_PERNAS_POST_POST,VL_PONT_FINAL,VL_PONT_FORCA_LEITEIRA,VL_PONT_GARUPA,VL_PONT_PERNAS_PES,VL_PONT_SISTEMA_MAMARIO,VL_PROFUNDIDADE_CORPORAL,VL_PROFUND_TALAO,VL_PROFUND_UBERE,VL_QUALIDADE_OSSEA,VL_TEXTURA_UBERE,CD_ANIMAL) values (8,9,9,9,9,'B',9,9,9,to_timestamp('19/10/10','DD/MM/RR HH24:MI:SSXFF'),9,9,9,9,3,9,9,9,9,9,9,9,99,99,9,99,99,9,9,9,9,9,'XXXXXXXXXXXXX5');
INSERT INTO TB_CLASSIFICACAO_LINEAR (CD_CODIGO,VL_ALTURA_UBERE_POST,VL_ANGULO_CASCO,VL_ANGULO_GARUPA,VL_ANGULOSIDADE,TX_CLASS_FINAL,VL_COLOC_TETOS_ANT,VL_COLOCACAO_TETOS_POST,VL_COMPRIMENTO_TETOS,DT_CLASSIFICACAO,VL_ESCORE_CORPORAL,VL_ESTATURA,VL_FORCA_LOMBO,VL_INSERCAO_UBERE_ANT,VL_LACTACAO,VL_LARGURA_GARUPA,VL_LARGURA_PEITO,VL_LARGURA_UBERE_POST,VL_LIGAMENTO_MEDIO,VL_NIV_NIVEL_SUP,VL_PERNAS_POST_LATERAL,VL_PERNAS_POST_POST,VL_PONT_FINAL,VL_PONT_FORCA_LEITEIRA,VL_PONT_GARUPA,VL_PONT_PERNAS_PES,VL_PONT_SISTEMA_MAMARIO,VL_PROFUNDIDADE_CORPORAL,VL_PROFUND_TALAO,VL_PROFUND_UBERE,VL_QUALIDADE_OSSEA,VL_TEXTURA_UBERE,CD_ANIMAL) values (9,9,9,9,9,'EX',9,9,9,to_timestamp('19/10/10','DD/MM/RR HH24:MI:SSXFF'),9,9,9,9,4,9,9,9,9,9,9,9,99,99,9,99,99,9,9,9,9,9,'XXXXXXXXXXXXX5');
INSERT INTO TB_CLASSIFICACAO_LINEAR (CD_CODIGO,VL_ALTURA_UBERE_POST,VL_ANGULO_CASCO,VL_ANGULO_GARUPA,VL_ANGULOSIDADE,TX_CLASS_FINAL,VL_COLOC_TETOS_ANT,VL_COLOCACAO_TETOS_POST,VL_COMPRIMENTO_TETOS,DT_CLASSIFICACAO,VL_ESCORE_CORPORAL,VL_ESTATURA,VL_FORCA_LOMBO,VL_INSERCAO_UBERE_ANT,VL_LACTACAO,VL_LARGURA_GARUPA,VL_LARGURA_PEITO,VL_LARGURA_UBERE_POST,VL_LIGAMENTO_MEDIO,VL_NIV_NIVEL_SUP,VL_PERNAS_POST_LATERAL,VL_PERNAS_POST_POST,VL_PONT_FINAL,VL_PONT_FORCA_LEITEIRA,VL_PONT_GARUPA,VL_PONT_PERNAS_PES,VL_PONT_SISTEMA_MAMARIO,VL_PROFUNDIDADE_CORPORAL,VL_PROFUND_TALAO,VL_PROFUND_UBERE,VL_QUALIDADE_OSSEA,VL_TEXTURA_UBERE,CD_ANIMAL) values (10,9,9,9,9,'EX',9,9,9,to_timestamp('19/10/10','DD/MM/RR HH24:MI:SSXFF'),9,9,9,9,5,9,9,9,9,9,9,9,99,99,9,99,99,9,9,9,9,9,'XXXXXXXXXXXXX5');

-- PROVA TOURO
INSERT INTO TB_PROVA_TOURO (CD_CODIGO,VL_ALTURA_UBERE_POST,VL_ANGULO_CASCO,VL_ANGULO_GARUPA,VL_ANGULOSIDADE,VL_COLOC_TETOS_ANT,VL_COLOCACAO_TETOS_POST,VL_COMPRIMENTO_TETOS,PC_CONFIABILIDADE_CONFORMACAO,PC_CONFIABILIDADE_PRODUCAO,DT_ULTIMA_ATUALIZACAO,VL_ESTATURA,PC_GORDURA,VL_INSERCAO_UBERE_ANT,VL_LARGURA_GARUPA,VL_LARGURA_PEITO,VL_LARGURA_UBERE_POST,VL_LIGAMENTO_MEDIO,VL_PERNAS_POST_LATERAL,VL_PERNAS_POST_POST,VL_PROFUND_TALAO,VL_PRECO,VL_PROFUNDIDADE_CORPORAL,VL_PROFUND_UBERE,PC_PROTEINA,VL_QUANT_FILHAS,KG_LEITE,CD_ANIMAL) values (1,4,3,2,1,4,4,4,66,55,to_timestamp('05/10/10','DD/MM/RR HH24:MI:SSXFF'),1,30,4,2,1,4,4,3,3,0,12341,1,4,40,99999,38898,'XXXXXXXXXXXX10');
INSERT INTO TB_PROVA_TOURO (CD_CODIGO,VL_ALTURA_UBERE_POST,VL_ANGULO_CASCO,VL_ANGULO_GARUPA,VL_ANGULOSIDADE,VL_COLOC_TETOS_ANT,VL_COLOCACAO_TETOS_POST,VL_COMPRIMENTO_TETOS,PC_CONFIABILIDADE_CONFORMACAO,PC_CONFIABILIDADE_PRODUCAO,DT_ULTIMA_ATUALIZACAO,VL_ESTATURA,PC_GORDURA,VL_INSERCAO_UBERE_ANT,VL_LARGURA_GARUPA,VL_LARGURA_PEITO,VL_LARGURA_UBERE_POST,VL_LIGAMENTO_MEDIO,VL_PERNAS_POST_LATERAL,VL_PERNAS_POST_POST,VL_PROFUND_TALAO,VL_PRECO,VL_PROFUNDIDADE_CORPORAL,VL_PROFUND_UBERE,PC_PROTEINA,VL_QUANT_FILHAS,KG_LEITE,CD_ANIMAL) values (2,4,3,2,1,4,4,4,66,55,to_timestamp('05/10/10','DD/MM/RR HH24:MI:SSXFF'),1,30,4,2,1,4,4,3,3,0,12341,1,4,40,99999,38898,'XXXXXXXXXXXX10');
INSERT INTO TB_PROVA_TOURO (CD_CODIGO,VL_ALTURA_UBERE_POST,VL_ANGULO_CASCO,VL_ANGULO_GARUPA,VL_ANGULOSIDADE,VL_COLOC_TETOS_ANT,VL_COLOCACAO_TETOS_POST,VL_COMPRIMENTO_TETOS,PC_CONFIABILIDADE_CONFORMACAO,PC_CONFIABILIDADE_PRODUCAO,DT_ULTIMA_ATUALIZACAO,VL_ESTATURA,PC_GORDURA,VL_INSERCAO_UBERE_ANT,VL_LARGURA_GARUPA,VL_LARGURA_PEITO,VL_LARGURA_UBERE_POST,VL_LIGAMENTO_MEDIO,VL_PERNAS_POST_LATERAL,VL_PERNAS_POST_POST,VL_PROFUND_TALAO,VL_PRECO,VL_PROFUNDIDADE_CORPORAL,VL_PROFUND_UBERE,PC_PROTEINA,VL_QUANT_FILHAS,KG_LEITE,CD_ANIMAL) values (3,4,3,2,1,4,4,4,66,55,to_timestamp('05/10/10','DD/MM/RR HH24:MI:SSXFF'),1,30,4,2,1,4,4,3,3,0,12341,1,4,40,99999,38898,'XXXXXXXXXXXX10');
INSERT INTO TB_PROVA_TOURO (CD_CODIGO,VL_ALTURA_UBERE_POST,VL_ANGULO_CASCO,VL_ANGULO_GARUPA,VL_ANGULOSIDADE,VL_COLOC_TETOS_ANT,VL_COLOCACAO_TETOS_POST,VL_COMPRIMENTO_TETOS,PC_CONFIABILIDADE_CONFORMACAO,PC_CONFIABILIDADE_PRODUCAO,DT_ULTIMA_ATUALIZACAO,VL_ESTATURA,PC_GORDURA,VL_INSERCAO_UBERE_ANT,VL_LARGURA_GARUPA,VL_LARGURA_PEITO,VL_LARGURA_UBERE_POST,VL_LIGAMENTO_MEDIO,VL_PERNAS_POST_LATERAL,VL_PERNAS_POST_POST,VL_PROFUND_TALAO,VL_PRECO,VL_PROFUNDIDADE_CORPORAL,VL_PROFUND_UBERE,PC_PROTEINA,VL_QUANT_FILHAS,KG_LEITE,CD_ANIMAL) values (4,4,3,2,1,4,4,4,66,55,to_timestamp('05/10/10','DD/MM/RR HH24:MI:SSXFF'),1,30,4,2,1,4,4,3,3,0,12341,1,4,40,99999,38898,'XXXXXXXXXXXX10');
INSERT INTO TB_PROVA_TOURO (CD_CODIGO,VL_ALTURA_UBERE_POST,VL_ANGULO_CASCO,VL_ANGULO_GARUPA,VL_ANGULOSIDADE,VL_COLOC_TETOS_ANT,VL_COLOCACAO_TETOS_POST,VL_COMPRIMENTO_TETOS,PC_CONFIABILIDADE_CONFORMACAO,PC_CONFIABILIDADE_PRODUCAO,DT_ULTIMA_ATUALIZACAO,VL_ESTATURA,PC_GORDURA,VL_INSERCAO_UBERE_ANT,VL_LARGURA_GARUPA,VL_LARGURA_PEITO,VL_LARGURA_UBERE_POST,VL_LIGAMENTO_MEDIO,VL_PERNAS_POST_LATERAL,VL_PERNAS_POST_POST,VL_PROFUND_TALAO,VL_PRECO,VL_PROFUNDIDADE_CORPORAL,VL_PROFUND_UBERE,PC_PROTEINA,VL_QUANT_FILHAS,KG_LEITE,CD_ANIMAL) values (5,4,3,2,1,4,4,4,66,55,to_timestamp('05/10/10','DD/MM/RR HH24:MI:SSXFF'),1,30,4,2,1,4,4,3,3,0,12341,1,4,40,99999,38898,'XXXXXXXXXXXX12');
INSERT INTO TB_PROVA_TOURO (CD_CODIGO,VL_ALTURA_UBERE_POST,VL_ANGULO_CASCO,VL_ANGULO_GARUPA,VL_ANGULOSIDADE,VL_COLOC_TETOS_ANT,VL_COLOCACAO_TETOS_POST,VL_COMPRIMENTO_TETOS,PC_CONFIABILIDADE_CONFORMACAO,PC_CONFIABILIDADE_PRODUCAO,DT_ULTIMA_ATUALIZACAO,VL_ESTATURA,PC_GORDURA,VL_INSERCAO_UBERE_ANT,VL_LARGURA_GARUPA,VL_LARGURA_PEITO,VL_LARGURA_UBERE_POST,VL_LIGAMENTO_MEDIO,VL_PERNAS_POST_LATERAL,VL_PERNAS_POST_POST,VL_PROFUND_TALAO,VL_PRECO,VL_PROFUNDIDADE_CORPORAL,VL_PROFUND_UBERE,PC_PROTEINA,VL_QUANT_FILHAS,KG_LEITE,CD_ANIMAL) values (6,4,3,2,1,4,4,4,66,55,to_timestamp('05/10/10','DD/MM/RR HH24:MI:SSXFF'),1,30,4,2,1,4,4,3,3,0,12341,1,4,40,99999,38898,'XXXXXXXXXXXX12');
INSERT INTO TB_PROVA_TOURO (CD_CODIGO,VL_ALTURA_UBERE_POST,VL_ANGULO_CASCO,VL_ANGULO_GARUPA,VL_ANGULOSIDADE,VL_COLOC_TETOS_ANT,VL_COLOCACAO_TETOS_POST,VL_COMPRIMENTO_TETOS,PC_CONFIABILIDADE_CONFORMACAO,PC_CONFIABILIDADE_PRODUCAO,DT_ULTIMA_ATUALIZACAO,VL_ESTATURA,PC_GORDURA,VL_INSERCAO_UBERE_ANT,VL_LARGURA_GARUPA,VL_LARGURA_PEITO,VL_LARGURA_UBERE_POST,VL_LIGAMENTO_MEDIO,VL_PERNAS_POST_LATERAL,VL_PERNAS_POST_POST,VL_PROFUND_TALAO,VL_PRECO,VL_PROFUNDIDADE_CORPORAL,VL_PROFUND_UBERE,PC_PROTEINA,VL_QUANT_FILHAS,KG_LEITE,CD_ANIMAL) values (7,4,3,2,1,4,4,4,66,55,to_timestamp('05/10/10','DD/MM/RR HH24:MI:SSXFF'),1,30,4,2,1,4,4,3,3,0,12341,1,4,40,99999,38898,'XXXXXXXXXXXX12');
INSERT INTO TB_PROVA_TOURO (CD_CODIGO,VL_ALTURA_UBERE_POST,VL_ANGULO_CASCO,VL_ANGULO_GARUPA,VL_ANGULOSIDADE,VL_COLOC_TETOS_ANT,VL_COLOCACAO_TETOS_POST,VL_COMPRIMENTO_TETOS,PC_CONFIABILIDADE_CONFORMACAO,PC_CONFIABILIDADE_PRODUCAO,DT_ULTIMA_ATUALIZACAO,VL_ESTATURA,PC_GORDURA,VL_INSERCAO_UBERE_ANT,VL_LARGURA_GARUPA,VL_LARGURA_PEITO,VL_LARGURA_UBERE_POST,VL_LIGAMENTO_MEDIO,VL_PERNAS_POST_LATERAL,VL_PERNAS_POST_POST,VL_PROFUND_TALAO,VL_PRECO,VL_PROFUNDIDADE_CORPORAL,VL_PROFUND_UBERE,PC_PROTEINA,VL_QUANT_FILHAS,KG_LEITE,CD_ANIMAL) values (8,4,3,2,1,4,4,4,66,55,to_timestamp('05/10/10','DD/MM/RR HH24:MI:SSXFF'),1,30,4,2,1,4,4,3,3,0,12341,1,4,40,99999,38898,'XXXXXXXXXXXX12');
INSERT INTO TB_PROVA_TOURO (CD_CODIGO,VL_ALTURA_UBERE_POST,VL_ANGULO_CASCO,VL_ANGULO_GARUPA,VL_ANGULOSIDADE,VL_COLOC_TETOS_ANT,VL_COLOCACAO_TETOS_POST,VL_COMPRIMENTO_TETOS,PC_CONFIABILIDADE_CONFORMACAO,PC_CONFIABILIDADE_PRODUCAO,DT_ULTIMA_ATUALIZACAO,VL_ESTATURA,PC_GORDURA,VL_INSERCAO_UBERE_ANT,VL_LARGURA_GARUPA,VL_LARGURA_PEITO,VL_LARGURA_UBERE_POST,VL_LIGAMENTO_MEDIO,VL_PERNAS_POST_LATERAL,VL_PERNAS_POST_POST,VL_PROFUND_TALAO,VL_PRECO,VL_PROFUNDIDADE_CORPORAL,VL_PROFUND_UBERE,PC_PROTEINA,VL_QUANT_FILHAS,KG_LEITE,CD_ANIMAL) values (9,4,3,2,1,4,4,4,66,55,to_timestamp('05/10/10','DD/MM/RR HH24:MI:SSXFF'),1,30,4,2,1,4,4,3,3,0,12341,1,4,40,99999,38898,'XXXXXXXXXXXX12');

-- ACASALAMENTO 
INSERT INTO TB_ACASALAMENTO (CD_CODIGO,DT_ACASALAMENTO,ST_STATUS,CD_CLASSIFICACAO,TX_CRIA,TX_MAE,TX_PAI,CD_PROVA_TOURO) values (1,to_timestamp('01/01/10','DD/MM/RR HH24:MI:SSXFF'),'ABORTO',1,'XXXXXXXXXXXX13','XXXXXXXXXXXXX9','XXXXXXXXXXXX10',1);
INSERT INTO TB_ACASALAMENTO (CD_CODIGO,DT_ACASALAMENTO,ST_STATUS,CD_CLASSIFICACAO,TX_CRIA,TX_MAE,TX_PAI,CD_PROVA_TOURO) values (2,to_timestamp('01/02/10','DD/MM/RR HH24:MI:SSXFF'),'ABORTO',1,'XXXXXXXXXXXX14','XXXXXXXXXXXX11','XXXXXXXXXXXX12',1);

