-- ESTADO
INSERT INTO TB_ESTADO (TX_SIGLA,TX_DESCRICAO) values ('AC','Acre');
INSERT INTO TB_ESTADO (TX_SIGLA,TX_DESCRICAO) values ('AL','Alagoas');
INSERT INTO TB_ESTADO (TX_SIGLA,TX_DESCRICAO) values ('PR','Paraná');
INSERT INTO TB_ESTADO (TX_SIGLA,TX_DESCRICAO) values ('SC','Santa Catarina');
INSERT INTO TB_ESTADO (TX_SIGLA,TX_DESCRICAO) values ('SP','São Paulo');
-----------------------------------------------
--------------- MUNICIPIO----------------------
-----------------------------------------------
----------------- ACRE ------------------------
INSERT INTO TB_MUNICIPIO (CD_CODIGO,TX_DESCRICAO,TX_ESTADO) VALUES (1 , 'Assis Brasil' , 'AC' );
INSERT INTO TB_MUNICIPIO (CD_CODIGO,TX_DESCRICAO,TX_ESTADO) VALUES (2 , 'Brasileia' , 'AC' );
INSERT INTO TB_MUNICIPIO (CD_CODIGO,TX_DESCRICAO,TX_ESTADO) VALUES (3 , 'Bujari' , 'AC' );
INSERT INTO TB_MUNICIPIO (CD_CODIGO,TX_DESCRICAO,TX_ESTADO) VALUES (4 , 'Capixaba' , 'AC' );
INSERT INTO TB_MUNICIPIO (CD_CODIGO,TX_DESCRICAO,TX_ESTADO) VALUES (5 , 'Cruzeiro do Sul' , 'AC' );
INSERT INTO TB_MUNICIPIO (CD_CODIGO,TX_DESCRICAO,TX_ESTADO) VALUES (6 , 'Epitaciolandia' , 'AC' );
INSERT INTO TB_MUNICIPIO (CD_CODIGO,TX_DESCRICAO,TX_ESTADO) VALUES (7 , 'Feijo' , 'AC' );
INSERT INTO TB_MUNICIPIO (CD_CODIGO,TX_DESCRICAO,TX_ESTADO) VALUES (8 , 'Jordao' , 'AC' );
INSERT INTO TB_MUNICIPIO (CD_CODIGO,TX_DESCRICAO,TX_ESTADO) VALUES (9 , 'Mancio Lima' , 'AC' );
INSERT INTO TB_MUNICIPIO (CD_CODIGO,TX_DESCRICAO,TX_ESTADO) VALUES (10 , 'Manoel Urbano' , 'AC' );
INSERT INTO TB_MUNICIPIO (CD_CODIGO,TX_DESCRICAO,TX_ESTADO) VALUES (11 , 'Marechal Thaumaturgo' , 'AC' );
INSERT INTO TB_MUNICIPIO (CD_CODIGO,TX_DESCRICAO,TX_ESTADO) VALUES (12 , 'Placido de Castro' , 'AC' );
INSERT INTO TB_MUNICIPIO (CD_CODIGO,TX_DESCRICAO,TX_ESTADO) VALUES (13 , 'Porto Acre' , 'AC' );
INSERT INTO TB_MUNICIPIO (CD_CODIGO,TX_DESCRICAO,TX_ESTADO) VALUES (14 , 'Porto Walter' , 'AC' );
INSERT INTO TB_MUNICIPIO (CD_CODIGO,TX_DESCRICAO,TX_ESTADO) VALUES (15 , 'Rio Branco' , 'AC' );
INSERT INTO TB_MUNICIPIO (CD_CODIGO,TX_DESCRICAO,TX_ESTADO) VALUES (16 , 'Rodrigues Alves' , 'AC' );
INSERT INTO TB_MUNICIPIO (CD_CODIGO,TX_DESCRICAO,TX_ESTADO) VALUES (17 , 'Santa Rosa' , 'AC' );
INSERT INTO TB_MUNICIPIO (CD_CODIGO,TX_DESCRICAO,TX_ESTADO) VALUES (18 , 'Sena Madureira' , 'AC' );
INSERT INTO TB_MUNICIPIO (CD_CODIGO,TX_DESCRICAO,TX_ESTADO) VALUES (19 , 'Senador Guiomard' , 'AC' );
INSERT INTO TB_MUNICIPIO (CD_CODIGO,TX_DESCRICAO,TX_ESTADO) VALUES (20 , 'Tarauaca' , 'AC' );
INSERT INTO TB_MUNICIPIO (CD_CODIGO,TX_DESCRICAO,TX_ESTADO) VALUES (21 , 'Xapuri' , 'AC' );
----------------- ALAGOAS ------------------------
INSERT INTO TB_MUNICIPIO (CD_CODIGO,TX_DESCRICAO,TX_ESTADO) VALUES (22 , 'Agua Branca' , 'AL' );
INSERT INTO TB_MUNICIPIO (CD_CODIGO,TX_DESCRICAO,TX_ESTADO) VALUES (23 , 'Alazao' , 'AL' );
INSERT INTO TB_MUNICIPIO (CD_CODIGO,TX_DESCRICAO,TX_ESTADO) VALUES (24 , 'Alecrim' , 'AL' );
INSERT INTO TB_MUNICIPIO (CD_CODIGO,TX_DESCRICAO,TX_ESTADO) VALUES (25 , 'Anadia' , 'AL' );
INSERT INTO TB_MUNICIPIO (CD_CODIGO,TX_DESCRICAO,TX_ESTADO) VALUES (26 , 'Anel' , 'AL' );
INSERT INTO TB_MUNICIPIO (CD_CODIGO,TX_DESCRICAO,TX_ESTADO) VALUES (27 , 'Anum Novo' , 'AL' );
INSERT INTO TB_MUNICIPIO (CD_CODIGO,TX_DESCRICAO,TX_ESTADO) VALUES (28 , 'Anum Velho' , 'AL' );
INSERT INTO TB_MUNICIPIO (CD_CODIGO,TX_DESCRICAO,TX_ESTADO) VALUES (29 , 'Arapiraca' , 'AL' );
INSERT INTO TB_MUNICIPIO (CD_CODIGO,TX_DESCRICAO,TX_ESTADO) VALUES (30 , 'Atalaia' , 'AL' );
INSERT INTO TB_MUNICIPIO (CD_CODIGO,TX_DESCRICAO,TX_ESTADO) VALUES (31 , 'Baixa da Onca' , 'AL' );
INSERT INTO TB_MUNICIPIO (CD_CODIGO,TX_DESCRICAO,TX_ESTADO) VALUES (32 , 'Baixa do Capim' , 'AL' );
INSERT INTO TB_MUNICIPIO (CD_CODIGO,TX_DESCRICAO,TX_ESTADO) VALUES (33 , 'Balsamo' , 'AL' );
INSERT INTO TB_MUNICIPIO (CD_CODIGO,TX_DESCRICAO,TX_ESTADO) VALUES (34 , 'Bananeiras' , 'AL' );
INSERT INTO TB_MUNICIPIO (CD_CODIGO,TX_DESCRICAO,TX_ESTADO) VALUES (35 , 'Barra de Santo Antonio' , 'AL' );
INSERT INTO TB_MUNICIPIO (CD_CODIGO,TX_DESCRICAO,TX_ESTADO) VALUES (36 , 'Barra de Sao Miguel' , 'AL' );
INSERT INTO TB_MUNICIPIO (CD_CODIGO,TX_DESCRICAO,TX_ESTADO) VALUES (37 , 'Barra do Bonifacio' , 'AL' );
INSERT INTO TB_MUNICIPIO (CD_CODIGO,TX_DESCRICAO,TX_ESTADO) VALUES (38 , 'Barra Grande' , 'AL' );
INSERT INTO TB_MUNICIPIO (CD_CODIGO,TX_DESCRICAO,TX_ESTADO) VALUES (39 , 'Batalha' , 'AL' );
INSERT INTO TB_MUNICIPIO (CD_CODIGO,TX_DESCRICAO,TX_ESTADO) VALUES (40 , 'Batingas' , 'AL' );
INSERT INTO TB_MUNICIPIO (CD_CODIGO,TX_DESCRICAO,TX_ESTADO) VALUES (41 , 'Belem' , 'AL' );
INSERT INTO TB_MUNICIPIO (CD_CODIGO,TX_DESCRICAO,TX_ESTADO) VALUES (42 , 'Belo Monte' , 'AL' );
INSERT INTO TB_MUNICIPIO (CD_CODIGO,TX_DESCRICAO,TX_ESTADO) VALUES (43 , 'Boa Sorte' , 'AL' );
INSERT INTO TB_MUNICIPIO (CD_CODIGO,TX_DESCRICAO,TX_ESTADO) VALUES (44 , 'Boa Vista' , 'AL' );
INSERT INTO TB_MUNICIPIO (CD_CODIGO,TX_DESCRICAO,TX_ESTADO) VALUES (45 , 'Boca da Mata' , 'AL' );
INSERT INTO TB_MUNICIPIO (CD_CODIGO,TX_DESCRICAO,TX_ESTADO) VALUES (46 , 'Bom Jardim' , 'AL' );
INSERT INTO TB_MUNICIPIO (CD_CODIGO,TX_DESCRICAO,TX_ESTADO) VALUES (47 , 'Bonifacio' , 'AL' );
INSERT INTO TB_MUNICIPIO (CD_CODIGO,TX_DESCRICAO,TX_ESTADO) VALUES (48 , 'Branquinha' , 'AL' );
INSERT INTO TB_MUNICIPIO (CD_CODIGO,TX_DESCRICAO,TX_ESTADO) VALUES (49 , 'Cacimbinhas' , 'AL' );
INSERT INTO TB_MUNICIPIO (CD_CODIGO,TX_DESCRICAO,TX_ESTADO) VALUES (50 , 'Cajarana' , 'AL' );
INSERT INTO TB_MUNICIPIO (CD_CODIGO,TX_DESCRICAO,TX_ESTADO) VALUES (51 , 'Cajueiro' , 'AL' );
INSERT INTO TB_MUNICIPIO (CD_CODIGO,TX_DESCRICAO,TX_ESTADO) VALUES (52 , 'Caldeiroes de Cima' , 'AL' );
INSERT INTO TB_MUNICIPIO (CD_CODIGO,TX_DESCRICAO,TX_ESTADO) VALUES (53 , 'Camadanta' , 'AL' );
INSERT INTO TB_MUNICIPIO (CD_CODIGO,TX_DESCRICAO,TX_ESTADO) VALUES (54 , 'Campestre' , 'AL' );
INSERT INTO TB_MUNICIPIO (CD_CODIGO,TX_DESCRICAO,TX_ESTADO) VALUES (55 , 'Campo Alegre' , 'AL' );
INSERT INTO TB_MUNICIPIO (CD_CODIGO,TX_DESCRICAO,TX_ESTADO) VALUES (56 , 'Campo Grande' , 'AL' );
INSERT INTO TB_MUNICIPIO (CD_CODIGO,TX_DESCRICAO,TX_ESTADO) VALUES (57 , 'Canaa' , 'AL' );
INSERT INTO TB_MUNICIPIO (CD_CODIGO,TX_DESCRICAO,TX_ESTADO) VALUES (58 , 'Canafistula' , 'AL' );
INSERT INTO TB_MUNICIPIO (CD_CODIGO,TX_DESCRICAO,TX_ESTADO) VALUES (59 , 'Canapi' , 'AL' );
INSERT INTO TB_MUNICIPIO (CD_CODIGO,TX_DESCRICAO,TX_ESTADO) VALUES (60 , 'Canastra' , 'AL' );
INSERT INTO TB_MUNICIPIO (CD_CODIGO,TX_DESCRICAO,TX_ESTADO) VALUES (61 , 'Cangandu' , 'AL' );
INSERT INTO TB_MUNICIPIO (CD_CODIGO,TX_DESCRICAO,TX_ESTADO) VALUES (62 , 'Capela' , 'AL' );
INSERT INTO TB_MUNICIPIO (CD_CODIGO,TX_DESCRICAO,TX_ESTADO) VALUES (63 , 'Carneiros' , 'AL' );
INSERT INTO TB_MUNICIPIO (CD_CODIGO,TX_DESCRICAO,TX_ESTADO) VALUES (64 , 'Carrasco' , 'AL' );
INSERT INTO TB_MUNICIPIO (CD_CODIGO,TX_DESCRICAO,TX_ESTADO) VALUES (65 , 'Cha Preta' , 'AL' );
INSERT INTO TB_MUNICIPIO (CD_CODIGO,TX_DESCRICAO,TX_ESTADO) VALUES (66 , 'Coite do Noia' , 'AL' );
INSERT INTO TB_MUNICIPIO (CD_CODIGO,TX_DESCRICAO,TX_ESTADO) VALUES (67 , 'Colonia Leopoldina' , 'AL' );
INSERT INTO TB_MUNICIPIO (CD_CODIGO,TX_DESCRICAO,TX_ESTADO) VALUES (68 , 'Coqueiro Seco' , 'AL' );
INSERT INTO TB_MUNICIPIO (CD_CODIGO,TX_DESCRICAO,TX_ESTADO) VALUES (69 , 'Coruripe' , 'AL' );
INSERT INTO TB_MUNICIPIO (CD_CODIGO,TX_DESCRICAO,TX_ESTADO) VALUES (70 , 'Coruripe da Cal' , 'AL' );
INSERT INTO TB_MUNICIPIO (CD_CODIGO,TX_DESCRICAO,TX_ESTADO) VALUES (71 , 'Craibas' , 'AL' );
INSERT INTO TB_MUNICIPIO (CD_CODIGO,TX_DESCRICAO,TX_ESTADO) VALUES (72 , 'Delmiro Gouveia' , 'AL' );
INSERT INTO TB_MUNICIPIO (CD_CODIGO,TX_DESCRICAO,TX_ESTADO) VALUES (73 , 'Dois Riachos' , 'AL' );
INSERT INTO TB_MUNICIPIO (CD_CODIGO,TX_DESCRICAO,TX_ESTADO) VALUES (74 , 'Entremontes' , 'AL' );
INSERT INTO TB_MUNICIPIO (CD_CODIGO,TX_DESCRICAO,TX_ESTADO) VALUES (75 , 'Estrela de Alagoas' , 'AL' );
INSERT INTO TB_MUNICIPIO (CD_CODIGO,TX_DESCRICAO,TX_ESTADO) VALUES (76 , 'Feira Grande' , 'AL' );
INSERT INTO TB_MUNICIPIO (CD_CODIGO,TX_DESCRICAO,TX_ESTADO) VALUES (77 , 'Feliz Deserto' , 'AL' );
INSERT INTO TB_MUNICIPIO (CD_CODIGO,TX_DESCRICAO,TX_ESTADO) VALUES (78 , 'Fernao Velho' , 'AL' );
INSERT INTO TB_MUNICIPIO (CD_CODIGO,TX_DESCRICAO,TX_ESTADO) VALUES (79 , 'Flexeiras' , 'AL' );
INSERT INTO TB_MUNICIPIO (CD_CODIGO,TX_DESCRICAO,TX_ESTADO) VALUES (80 , 'Floriano Peixoto' , 'AL' );
INSERT INTO TB_MUNICIPIO (CD_CODIGO,TX_DESCRICAO,TX_ESTADO) VALUES (81 , 'Gaspar' , 'AL' );
INSERT INTO TB_MUNICIPIO (CD_CODIGO,TX_DESCRICAO,TX_ESTADO) VALUES (82 , 'Girau do Ponciano' , 'AL' );
INSERT INTO TB_MUNICIPIO (CD_CODIGO,TX_DESCRICAO,TX_ESTADO) VALUES (83 , 'Ibateguara' , 'AL' );
INSERT INTO TB_MUNICIPIO (CD_CODIGO,TX_DESCRICAO,TX_ESTADO) VALUES (84 , 'Igaci' , 'AL' );
INSERT INTO TB_MUNICIPIO (CD_CODIGO,TX_DESCRICAO,TX_ESTADO) VALUES (85 , 'Igreja Nova' , 'AL' );
INSERT INTO TB_MUNICIPIO (CD_CODIGO,TX_DESCRICAO,TX_ESTADO) VALUES (86 , 'Inhapi' , 'AL' );
INSERT INTO TB_MUNICIPIO (CD_CODIGO,TX_DESCRICAO,TX_ESTADO) VALUES (87 , 'Jacare dos Homens' , 'AL' );
INSERT INTO TB_MUNICIPIO (CD_CODIGO,TX_DESCRICAO,TX_ESTADO) VALUES (88 , 'Jacuipe' , 'AL' );
INSERT INTO TB_MUNICIPIO (CD_CODIGO,TX_DESCRICAO,TX_ESTADO) VALUES (89 , 'Japaratinga' , 'AL' );
INSERT INTO TB_MUNICIPIO (CD_CODIGO,TX_DESCRICAO,TX_ESTADO) VALUES (90 , 'Jaramataia' , 'AL' );
INSERT INTO TB_MUNICIPIO (CD_CODIGO,TX_DESCRICAO,TX_ESTADO) VALUES (91 , 'Jenipapo' , 'AL' );
INSERT INTO TB_MUNICIPIO (CD_CODIGO,TX_DESCRICAO,TX_ESTADO) VALUES (92 , 'Joaquim Gomes' , 'AL' );
INSERT INTO TB_MUNICIPIO (CD_CODIGO,TX_DESCRICAO,TX_ESTADO) VALUES (93 , 'Jundia' , 'AL' );
INSERT INTO TB_MUNICIPIO (CD_CODIGO,TX_DESCRICAO,TX_ESTADO) VALUES (94 , 'Junqueiro' , 'AL' );
INSERT INTO TB_MUNICIPIO (CD_CODIGO,TX_DESCRICAO,TX_ESTADO) VALUES (95 , 'Lagoa da Areia' , 'AL' );
INSERT INTO TB_MUNICIPIO (CD_CODIGO,TX_DESCRICAO,TX_ESTADO) VALUES (96 , 'Lagoa da Canoa' , 'AL' );
INSERT INTO TB_MUNICIPIO (CD_CODIGO,TX_DESCRICAO,TX_ESTADO) VALUES (97 , 'Lagoa da Pedra' , 'AL' );
INSERT INTO TB_MUNICIPIO (CD_CODIGO,TX_DESCRICAO,TX_ESTADO) VALUES (98 , 'Lagoa Dantas' , 'AL' );
INSERT INTO TB_MUNICIPIO (CD_CODIGO,TX_DESCRICAO,TX_ESTADO) VALUES (99 , 'Lagoa do Caldeirao' , 'AL' );
INSERT INTO TB_MUNICIPIO (CD_CODIGO,TX_DESCRICAO,TX_ESTADO) VALUES (100 , 'Lagoa do Canto' , 'AL' );
INSERT INTO TB_MUNICIPIO (CD_CODIGO,TX_DESCRICAO,TX_ESTADO) VALUES (101 , 'Lagoa do Exu' , 'AL' );
INSERT INTO TB_MUNICIPIO (CD_CODIGO,TX_DESCRICAO,TX_ESTADO) VALUES (102 , 'Lagoa do Rancho' , 'AL' );
INSERT INTO TB_MUNICIPIO (CD_CODIGO,TX_DESCRICAO,TX_ESTADO) VALUES (103 , 'Lajes do Caldeirao' , 'AL' );
INSERT INTO TB_MUNICIPIO (CD_CODIGO,TX_DESCRICAO,TX_ESTADO) VALUES (104 , 'Laranjal' , 'AL' );
INSERT INTO TB_MUNICIPIO (CD_CODIGO,TX_DESCRICAO,TX_ESTADO) VALUES (105 , 'Limoeiro de Anadia' , 'AL' );
INSERT INTO TB_MUNICIPIO (CD_CODIGO,TX_DESCRICAO,TX_ESTADO) VALUES (106 , 'Maceio' , 'AL' );
INSERT INTO TB_MUNICIPIO (CD_CODIGO,TX_DESCRICAO,TX_ESTADO) VALUES (107 , 'Major Isidoro' , 'AL' );
INSERT INTO TB_MUNICIPIO (CD_CODIGO,TX_DESCRICAO,TX_ESTADO) VALUES (108 , 'Mar Vermelho' , 'AL' );
INSERT INTO TB_MUNICIPIO (CD_CODIGO,TX_DESCRICAO,TX_ESTADO) VALUES (109 , 'Maragogi' , 'AL' );
INSERT INTO TB_MUNICIPIO (CD_CODIGO,TX_DESCRICAO,TX_ESTADO) VALUES (110 , 'Maravilha' , 'AL' );
INSERT INTO TB_MUNICIPIO (CD_CODIGO,TX_DESCRICAO,TX_ESTADO) VALUES (111 , 'Marechal Deodoro' , 'AL' );
INSERT INTO TB_MUNICIPIO (CD_CODIGO,TX_DESCRICAO,TX_ESTADO) VALUES (112 , 'Maribondo' , 'AL' );
INSERT INTO TB_MUNICIPIO (CD_CODIGO,TX_DESCRICAO,TX_ESTADO) VALUES (113 , 'Massaranduba' , 'AL' );
INSERT INTO TB_MUNICIPIO (CD_CODIGO,TX_DESCRICAO,TX_ESTADO) VALUES (114 , 'Mata Grande' , 'AL' );
INSERT INTO TB_MUNICIPIO (CD_CODIGO,TX_DESCRICAO,TX_ESTADO) VALUES (115 , 'Matriz de Camaragibe' , 'AL' );
INSERT INTO TB_MUNICIPIO (CD_CODIGO,TX_DESCRICAO,TX_ESTADO) VALUES (116 , 'Messias' , 'AL' );
INSERT INTO TB_MUNICIPIO (CD_CODIGO,TX_DESCRICAO,TX_ESTADO) VALUES (117 , 'Minador do Negrao' , 'AL' );
INSERT INTO TB_MUNICIPIO (CD_CODIGO,TX_DESCRICAO,TX_ESTADO) VALUES (118 , 'Monteiropolis' , 'AL' );
INSERT INTO TB_MUNICIPIO (CD_CODIGO,TX_DESCRICAO,TX_ESTADO) VALUES (119 , 'Moreira' , 'AL' );
INSERT INTO TB_MUNICIPIO (CD_CODIGO,TX_DESCRICAO,TX_ESTADO) VALUES (120 , 'Munguba' , 'AL' );
INSERT INTO TB_MUNICIPIO (CD_CODIGO,TX_DESCRICAO,TX_ESTADO) VALUES (121 , 'Murici' , 'AL' );
INSERT INTO TB_MUNICIPIO (CD_CODIGO,TX_DESCRICAO,TX_ESTADO) VALUES (122 , 'Novo Lino' , 'AL' );
INSERT INTO TB_MUNICIPIO (CD_CODIGO,TX_DESCRICAO,TX_ESTADO) VALUES (123 , 'Olho D Agua Grande' , 'AL' );
INSERT INTO TB_MUNICIPIO (CD_CODIGO,TX_DESCRICAO,TX_ESTADO) VALUES (124 , 'Olho D' , 'AL' );
INSERT INTO TB_MUNICIPIO (CD_CODIGO,TX_DESCRICAO,TX_ESTADO) VALUES (125 , 'agua Das Flores' , 'AL' );
INSERT INTO TB_MUNICIPIO (CD_CODIGO,TX_DESCRICAO,TX_ESTADO) VALUES (126 , 'Olho D' , 'AL' );
INSERT INTO TB_MUNICIPIO (CD_CODIGO,TX_DESCRICAO,TX_ESTADO) VALUES (127 , 'agua De Cima' , 'AL' );
INSERT INTO TB_MUNICIPIO (CD_CODIGO,TX_DESCRICAO,TX_ESTADO) VALUES (128 , 'Olho D' , 'AL' );
INSERT INTO TB_MUNICIPIO (CD_CODIGO,TX_DESCRICAO,TX_ESTADO) VALUES (129 , 'agua Do Casado' , 'AL' );
INSERT INTO TB_MUNICIPIO (CD_CODIGO,TX_DESCRICAO,TX_ESTADO) VALUES (130 , 'Olho D' , 'AL' );
INSERT INTO TB_MUNICIPIO (CD_CODIGO,TX_DESCRICAO,TX_ESTADO) VALUES (131 , 'agua Dos Dandanhas' , 'AL' );
INSERT INTO TB_MUNICIPIO (CD_CODIGO,TX_DESCRICAO,TX_ESTADO) VALUES (132 , 'Olivenca' , 'AL' );
INSERT INTO TB_MUNICIPIO (CD_CODIGO,TX_DESCRICAO,TX_ESTADO) VALUES (133 , 'Ouro Branco' , 'AL' );
INSERT INTO TB_MUNICIPIO (CD_CODIGO,TX_DESCRICAO,TX_ESTADO) VALUES (134 , 'Palestina' , 'AL' );
INSERT INTO TB_MUNICIPIO (CD_CODIGO,TX_DESCRICAO,TX_ESTADO) VALUES (135 , 'Palmeira de Fora' , 'AL' );
INSERT INTO TB_MUNICIPIO (CD_CODIGO,TX_DESCRICAO,TX_ESTADO) VALUES (136 , 'Palmeira dos Indios' , 'AL' );
INSERT INTO TB_MUNICIPIO (CD_CODIGO,TX_DESCRICAO,TX_ESTADO) VALUES (137 , 'Pao de Acucar' , 'AL' );
INSERT INTO TB_MUNICIPIO (CD_CODIGO,TX_DESCRICAO,TX_ESTADO) VALUES (138 , 'Pariconha' , 'AL' );
INSERT INTO TB_MUNICIPIO (CD_CODIGO,TX_DESCRICAO,TX_ESTADO) VALUES (139 , 'Paripueira' , 'AL' );
INSERT INTO TB_MUNICIPIO (CD_CODIGO,TX_DESCRICAO,TX_ESTADO) VALUES (140 , 'Passo de Camaragibe' , 'AL' );
INSERT INTO TB_MUNICIPIO (CD_CODIGO,TX_DESCRICAO,TX_ESTADO) VALUES (141 , 'Pau D' , 'AL' );
INSERT INTO TB_MUNICIPIO (CD_CODIGO,TX_DESCRICAO,TX_ESTADO) VALUES (142 , 'arco' , 'AL' );
INSERT INTO TB_MUNICIPIO (CD_CODIGO,TX_DESCRICAO,TX_ESTADO) VALUES (143 , 'Pau Ferro' , 'AL' );
INSERT INTO TB_MUNICIPIO (CD_CODIGO,TX_DESCRICAO,TX_ESTADO) VALUES (144 , 'Paulo JacINTO' , 'AL' );
INSERT INTO TB_MUNICIPIO (CD_CODIGO,TX_DESCRICAO,TX_ESTADO) VALUES (145 , 'Penedo' , 'AL' );
INSERT INTO TB_MUNICIPIO (CD_CODIGO,TX_DESCRICAO,TX_ESTADO) VALUES (146 , 'Piacabucu' , 'AL' );
INSERT INTO TB_MUNICIPIO (CD_CODIGO,TX_DESCRICAO,TX_ESTADO) VALUES (147 , 'Pilar' , 'AL' );
INSERT INTO TB_MUNICIPIO (CD_CODIGO,TX_DESCRICAO,TX_ESTADO) VALUES (148 , 'Pindoba' , 'AL' );
INSERT INTO TB_MUNICIPIO (CD_CODIGO,TX_DESCRICAO,TX_ESTADO) VALUES (149 , 'Piranhas' , 'AL' );
INSERT INTO TB_MUNICIPIO (CD_CODIGO,TX_DESCRICAO,TX_ESTADO) VALUES (150 , 'Pocao' , 'AL' );
INSERT INTO TB_MUNICIPIO (CD_CODIGO,TX_DESCRICAO,TX_ESTADO) VALUES (151 , 'Poco da Pedra' , 'AL' );
INSERT INTO TB_MUNICIPIO (CD_CODIGO,TX_DESCRICAO,TX_ESTADO) VALUES (152 , 'Poco das Trincheiras' , 'AL' );
INSERT INTO TB_MUNICIPIO (CD_CODIGO,TX_DESCRICAO,TX_ESTADO) VALUES (153 , 'Porto Calvo' , 'AL' );
INSERT INTO TB_MUNICIPIO (CD_CODIGO,TX_DESCRICAO,TX_ESTADO) VALUES (154 , 'Porto de Pedras' , 'AL' );
INSERT INTO TB_MUNICIPIO (CD_CODIGO,TX_DESCRICAO,TX_ESTADO) VALUES (155 , 'Porto Real do Colegio' , 'AL' );
INSERT INTO TB_MUNICIPIO (CD_CODIGO,TX_DESCRICAO,TX_ESTADO) VALUES (156 , 'Poxim' , 'AL' );
INSERT INTO TB_MUNICIPIO (CD_CODIGO,TX_DESCRICAO,TX_ESTADO) VALUES (157 , 'Quebrangulo' , 'AL' );
INSERT INTO TB_MUNICIPIO (CD_CODIGO,TX_DESCRICAO,TX_ESTADO) VALUES (158 , 'Riacho do Sertao' , 'AL' );
INSERT INTO TB_MUNICIPIO (CD_CODIGO,TX_DESCRICAO,TX_ESTADO) VALUES (159 , 'Riacho Fundo de Cima' , 'AL' );
INSERT INTO TB_MUNICIPIO (CD_CODIGO,TX_DESCRICAO,TX_ESTADO) VALUES (160 , 'Rio Largo' , 'AL' );
INSERT INTO TB_MUNICIPIO (CD_CODIGO,TX_DESCRICAO,TX_ESTADO) VALUES (161 , 'Rocha Cavalcante' , 'AL' );
INSERT INTO TB_MUNICIPIO (CD_CODIGO,TX_DESCRICAO,TX_ESTADO) VALUES (162 , 'Roteiro' , 'AL' );
INSERT INTO TB_MUNICIPIO (CD_CODIGO,TX_DESCRICAO,TX_ESTADO) VALUES (163 , 'Santa Efigenia' , 'AL' );
INSERT INTO TB_MUNICIPIO (CD_CODIGO,TX_DESCRICAO,TX_ESTADO) VALUES (164 , 'Santa Luzia do Norte' , 'AL' );
INSERT INTO TB_MUNICIPIO (CD_CODIGO,TX_DESCRICAO,TX_ESTADO) VALUES (165 , 'Santana do Ipanema' , 'AL' );
INSERT INTO TB_MUNICIPIO (CD_CODIGO,TX_DESCRICAO,TX_ESTADO) VALUES (166 , 'Santana do Mundau' , 'AL' );
INSERT INTO TB_MUNICIPIO (CD_CODIGO,TX_DESCRICAO,TX_ESTADO) VALUES (167 , 'Santo Antonio' , 'AL' );
INSERT INTO TB_MUNICIPIO (CD_CODIGO,TX_DESCRICAO,TX_ESTADO) VALUES (168 , 'Sao Bras' , 'AL' );
INSERT INTO TB_MUNICIPIO (CD_CODIGO,TX_DESCRICAO,TX_ESTADO) VALUES (169 , 'Sao Jose da Laje' , 'AL' );
INSERT INTO TB_MUNICIPIO (CD_CODIGO,TX_DESCRICAO,TX_ESTADO) VALUES (170 , 'Sao Jose da Tapera' , 'AL' );
INSERT INTO TB_MUNICIPIO (CD_CODIGO,TX_DESCRICAO,TX_ESTADO) VALUES (171 , 'Sao Luis do Quitunde' , 'AL' );
INSERT INTO TB_MUNICIPIO (CD_CODIGO,TX_DESCRICAO,TX_ESTADO) VALUES (172 , 'Sao Miguel dos Campos' , 'AL' );
INSERT INTO TB_MUNICIPIO (CD_CODIGO,TX_DESCRICAO,TX_ESTADO) VALUES (173 , 'Sao Miguel dos Milagres' , 'AL' );
INSERT INTO TB_MUNICIPIO (CD_CODIGO,TX_DESCRICAO,TX_ESTADO) VALUES (174 , 'Sao Sebastiao' , 'AL' );
INSERT INTO TB_MUNICIPIO (CD_CODIGO,TX_DESCRICAO,TX_ESTADO) VALUES (175 , 'Sapucaia' , 'AL' );
INSERT INTO TB_MUNICIPIO (CD_CODIGO,TX_DESCRICAO,TX_ESTADO) VALUES (176 , 'Satuba' , 'AL' );
INSERT INTO TB_MUNICIPIO (CD_CODIGO,TX_DESCRICAO,TX_ESTADO) VALUES (177 , 'Senador Rui Palmeira' , 'AL' );
INSERT INTO TB_MUNICIPIO (CD_CODIGO,TX_DESCRICAO,TX_ESTADO) VALUES (178 , 'Serra da Mandioca' , 'AL' );
INSERT INTO TB_MUNICIPIO (CD_CODIGO,TX_DESCRICAO,TX_ESTADO) VALUES (179 , 'Serra do Sao Jose' , 'AL' );
INSERT INTO TB_MUNICIPIO (CD_CODIGO,TX_DESCRICAO,TX_ESTADO) VALUES (180 , 'Taboleiro do PINTO' , 'AL' );
INSERT INTO TB_MUNICIPIO (CD_CODIGO,TX_DESCRICAO,TX_ESTADO) VALUES (181 , 'Taboquinha' , 'AL' );
INSERT INTO TB_MUNICIPIO (CD_CODIGO,TX_DESCRICAO,TX_ESTADO) VALUES (182 , 'Tanque D' , 'AL' );
INSERT INTO TB_MUNICIPIO (CD_CODIGO,TX_DESCRICAO,TX_ESTADO) VALUES (183 , 'arca' , 'AL' );
INSERT INTO TB_MUNICIPIO (CD_CODIGO,TX_DESCRICAO,TX_ESTADO) VALUES (184 , 'Taquarana' , 'AL' );
INSERT INTO TB_MUNICIPIO (CD_CODIGO,TX_DESCRICAO,TX_ESTADO) VALUES (185 , 'Tatuamunha' , 'AL' );
INSERT INTO TB_MUNICIPIO (CD_CODIGO,TX_DESCRICAO,TX_ESTADO) VALUES (186 , 'Teotonio Vilela' , 'AL' );
INSERT INTO TB_MUNICIPIO (CD_CODIGO,TX_DESCRICAO,TX_ESTADO) VALUES (187 , 'Traipu' , 'AL' );
INSERT INTO TB_MUNICIPIO (CD_CODIGO,TX_DESCRICAO,TX_ESTADO) VALUES (188 , 'Uniao dos Palmares' , 'AL' );
INSERT INTO TB_MUNICIPIO (CD_CODIGO,TX_DESCRICAO,TX_ESTADO) VALUES (189 , 'Usina Camacari' , 'AL' );
INSERT INTO TB_MUNICIPIO (CD_CODIGO,TX_DESCRICAO,TX_ESTADO) VALUES (190 , 'Vicosa' , 'AL' );
INSERT INTO TB_MUNICIPIO (CD_CODIGO,TX_DESCRICAO,TX_ESTADO) VALUES (191 , 'Vila Aparecida' , 'AL' );
INSERT INTO TB_MUNICIPIO (CD_CODIGO,TX_DESCRICAO,TX_ESTADO) VALUES (192 , 'Vila Sao Francisco' , 'AL' );

-- USUARIO
INSERT INTO TB_USUARIO (TX_CPF, TX_EMAIL, TX_LOGIN, CD_MUNICIPIO, TX_NOME, IN_PERFIL, TX_SENHA, IN_STATUS, CD_CODIGO) VALUES ('00000000000','naoinformado@naoinformado.com' , 'naoinformado', 1, 'NÃO INFORMADO', 'PRODUTOR', '.', 'ATIVO', '0');
INSERT INTO TB_USUARIO (TX_CPF, TX_EMAIL, TX_LOGIN, CD_MUNICIPIO, TX_NOME, IN_PERFIL, TX_SENHA, IN_STATUS, CD_CODIGO) VALUES ('06787416970','thiago@sabrh.com.br' , 'thiago', 1, 'Thiago Alves', 'ADMINISTRADOR', '4QrcOUm6Wau+VuBX8g+IPg==', 'ATIVO', '1');
INSERT INTO TB_USUARIO (TX_CPF, TX_EMAIL, TX_LOGIN, CD_MUNICIPIO, TX_NOME, IN_PERFIL, TX_SENHA, IN_STATUS, CD_CODIGO) VALUES ('00000000191','rony@sabrh.com.br' , 'rony.sartor', 2, 'Rony Sartor', 'PRODUTOR', '4QrcOUm6Wau+VuBX8g+IPg==', 'ATIVO', '2');
INSERT INTO TB_USUARIO (TX_CPF, TX_EMAIL, TX_LOGIN, CD_MUNICIPIO, TX_NOME, IN_PERFIL, TX_SENHA, IN_STATUS, CD_CODIGO) VALUES ('51457450879','guilherme@sabrh.com.br' , 'guilherme.chiste', 3, 'Guilherme Chisté', 'PRODUTOR', '4QrcOUm6Wau+VuBX8g+IPg==', 'ATIVO', '3');
INSERT INTO TB_USUARIO (TX_CPF, TX_EMAIL, TX_LOGIN, CD_MUNICIPIO, TX_NOME, IN_PERFIL, TX_SENHA, IN_STATUS, CD_CODIGO) VALUES ('86436857710','marlon@sabrh.com.br' , 'marlon.castro', 4, 'Marlon Castro', 'ESPECIALISTA', '4QrcOUm6Wau+VuBX8g+IPg==', 'ATIVO', '4');
INSERT INTO TB_USUARIO (TX_CPF, TX_EMAIL, TX_LOGIN, CD_MUNICIPIO, TX_NOME, IN_PERFIL, TX_SENHA, IN_STATUS, CD_CODIGO) VALUES ('55442529559','petrus@sabrh.com.br' , 'petrus', 2, 'PETRUS JOHANNES MARIA DEKKERS', 'PRODUTOR', '4QrcOUm6Wau+VuBX8g+IPg==', 'ATIVO', '5');

-- PROPRIEDADE
INSERT INTO TB_PROPRIEDADE (CD_PROPRIEDADE,TX_NOME,TX_TELEFONE,CD_MUNICIPIO,CD_PROPRIETARIO) VALUES (0,'NÃO INFORMADA','9999999999',1,0);
INSERT INTO TB_PROPRIEDADE (CD_PROPRIEDADE,TX_NOME,TX_TELEFONE,CD_MUNICIPIO,CD_PROPRIETARIO) VALUES (1,'FAZENDA PE DA SERRA','4121051733',1,2);
INSERT INTO TB_PROPRIEDADE (CD_PROPRIEDADE,TX_NOME,TX_TELEFONE,CD_MUNICIPIO,CD_PROPRIETARIO) VALUES (2,'Fazenda 2','1231231231',2,3);
INSERT INTO TB_PROPRIEDADE (CD_PROPRIEDADE,TX_NOME,TX_TELEFONE,CD_MUNICIPIO,CD_PROPRIETARIO) VALUES (3,'Fazenda 3','1231231231',3,3);
INSERT INTO TB_PROPRIEDADE (CD_PROPRIEDADE,TX_NOME,TX_TELEFONE,CD_MUNICIPIO,CD_PROPRIETARIO) VALUES (4,'Fazenda 4','1231231231',3,2);
INSERT INTO TB_PROPRIEDADE (CD_PROPRIEDADE,TX_NOME,TX_TELEFONE,CD_MUNICIPIO,CD_PROPRIETARIO) VALUES (5,'Fazenda 5','1231231231',1,2);

-- ANIMAIS
-- NÂO INFORMADO
INSERT INTO TB_ANIMAL (TX_REGISTRO, TX_APELIDO, DT_NASCIMENTO, TX_NOME, TX_SEXO,CD_PROPRIEDADE, IN_STATUS) VALUES ('000000000000000', 'NÃO INFORMADO', TO_DATE('01/01/1900', 'DD/MM/RR'), 'NÃO INFORMADO', 'FEMEA', 0, 'DESCARTE')
INSERT INTO TB_ANIMAL (TX_REGISTRO, TX_APELIDO, DT_NASCIMENTO, TX_NOME, TX_SEXO,CD_PROPRIEDADE) VALUES ('000000000000001', 'NÃO INFORMADO', TO_DATE('01/01/1900', 'DD/MM/RR'), 'NÃO INFORMADO', 'MACHO',0)

INSERT INTO TB_ANIMAL (TX_REGISTRO,TX_APELIDO,DT_NASCIMENTO,TX_NOME,TX_SEXO,IN_STATUS,TX_REGISTRO_MAE,TX_REGISTRO_PAI,CD_PROPRIEDADE) VALUES ('AX26266','FORD',to_timestamp('14/02/82','DD/MM/RR HH24:MI:SSXFF'),'MELKBRON FORD DENISE 4','MACHO',null,'000000000000000','000000000000001',1);
INSERT INTO TB_ANIMAL (TX_REGISTRO,TX_APELIDO,DT_NASCIMENTO,TX_NOME,TX_SEXO,IN_STATUS,TX_REGISTRO_MAE,TX_REGISTRO_PAI,CD_PROPRIEDADE) VALUES ('AX64978','MASCOT ',to_timestamp('16/05/86','DD/MM/RR HH24:MI:SSXFF'),'SINGING-BROOK N-B MASCOT-ET ','MACHO',null,'000000000000000','000000000000001',1);
INSERT INTO TB_ANIMAL (TX_REGISTRO,TX_APELIDO,DT_NASCIMENTO,TX_NOME,TX_SEXO,IN_STATUS,TX_REGISTRO_MAE,TX_REGISTRO_PAI,CD_PROPRIEDADE) VALUES ('AX64813','RAIDER ',to_timestamp('17/08/86','DD/MM/RR HH24:MI:SSXFF'),'HANOVERHILL RAIDER-ET ','MACHO',null,'000000000000000','000000000000001',2);
INSERT INTO TB_ANIMAL (TX_REGISTRO,TX_APELIDO,DT_NASCIMENTO,TX_NOME,TX_SEXO,IN_STATUS,TX_REGISTRO_MAE,TX_REGISTRO_PAI,CD_PROPRIEDADE) VALUES ('AX89704','RUDOLPH',to_timestamp('17/07/91','DD/MM/RR HH24:MI:SSXFF'),'STARTMORE RUDOLPH-ET ','MACHO',null,'000000000000000','000000000000001',3);
INSERT INTO TB_ANIMAL (TX_REGISTRO,TX_APELIDO,DT_NASCIMENTO,TX_NOME,TX_SEXO,IN_STATUS,TX_REGISTRO_MAE,TX_REGISTRO_PAI,CD_PROPRIEDADE) VALUES ('AX80928','BELLWOOD ',to_timestamp('19/05/89','DD/MM/RR HH24:MI:SSXFF'),'MAIZEFIELD BELLWOOD-ET ','MACHO',null,'000000000000000','000000000000001',1);
INSERT INTO TB_ANIMAL (TX_REGISTRO,TX_APELIDO,DT_NASCIMENTO,TX_NOME,TX_SEXO,IN_STATUS,TX_REGISTRO_MAE,TX_REGISTRO_PAI,CD_PROPRIEDADE) VALUES ('AX105488','OUTSIDE ',to_timestamp('27/02/94','DD/MM/RR HH24:MI:SSXFF'),'COMESTAR OUTSIDE-ET ','MACHO',null,'000000000000000','000000000000001',4);
INSERT INTO TB_ANIMAL (TX_REGISTRO,TX_APELIDO,DT_NASCIMENTO,TX_NOME,TX_SEXO,IN_STATUS,TX_REGISTRO_MAE,TX_REGISTRO_PAI,CD_PROPRIEDADE) VALUES ('AX58867','AEROSTAR ',to_timestamp('25/03/85','DD/MM/RR HH24:MI:SSXFF'),'MADAWASKA AEROSTAR ','MACHO',null,'000000000000000','000000000000001',4);
INSERT INTO TB_ANIMAL (TX_REGISTRO,TX_APELIDO,DT_NASCIMENTO,TX_NOME,TX_SEXO,IN_STATUS,TX_REGISTRO_MAE,TX_REGISTRO_PAI,CD_PROPRIEDADE) VALUES ('AX113282','STORMATIC ',to_timestamp('07/09/97','DD/MM/RR HH24:MI:SSXFF'),'COMESTAR STORMATIC-ET ','MACHO',null,'000000000000000','000000000000001',5);
INSERT INTO TB_ANIMAL (TX_REGISTRO,TX_APELIDO,DT_NASCIMENTO,TX_NOME,TX_SEXO,IN_STATUS,TX_REGISTRO_MAE,TX_REGISTRO_PAI,CD_PROPRIEDADE) VALUES ('AX112914','ROY ',to_timestamp('01/05/96','DD/MM/RR HH24:MI:SSXFF'),'ROYLANE JORDAN-ET ','MACHO',null,'000000000000000','000000000000001',1);
INSERT INTO TB_ANIMAL (TX_REGISTRO,TX_APELIDO,DT_NASCIMENTO,TX_NOME,TX_SEXO,IN_STATUS,TX_REGISTRO_MAE,TX_REGISTRO_PAI,CD_PROPRIEDADE) VALUES ('AX110969','EQUINOX',to_timestamp('27/06/95','DD/MM/RR HH24:MI:SSXFF'),'LOCUST-HILL EQUINOX-ET ','MACHO',null,'000000000000000','000000000000001',3);
INSERT INTO TB_ANIMAL (TX_REGISTRO,TX_APELIDO,DT_NASCIMENTO,TX_NOME,TX_SEXO,IN_STATUS,TX_REGISTRO_MAE,TX_REGISTRO_PAI,CD_PROPRIEDADE) VALUES ('BR1269733','CAROLINA',to_timestamp('22/06/98','DD/MM/RR HH24:MI:SSXFF'),'AQUIDAUANA CAROLINA 8022','FEMEA','LACTACAO','000000000000000','000000000000001',2);
INSERT INTO TB_ANIMAL (TX_REGISTRO,TX_APELIDO,DT_NASCIMENTO,TX_NOME,TX_SEXO,IN_STATUS,TX_REGISTRO_MAE,TX_REGISTRO_PAI,CD_PROPRIEDADE) VALUES ('AX83408','JUROR',to_timestamp('01/01/90','DD/MM/RR HH24:MI:SSXFF'),'KED JUROR-ET ','MACHO',null,'000000000000000','000000000000001',1);
INSERT INTO TB_ANIMAL (TX_REGISTRO,TX_APELIDO,DT_NASCIMENTO,TX_NOME,TX_SEXO,IN_STATUS,TX_REGISTRO_MAE,TX_REGISTRO_PAI,CD_PROPRIEDADE) VALUES ('AX13847','PEDRO',to_timestamp('21/04/72','DD/MM/RR HH24:MI:SSXFF'),'ELMBANK DOM PEDRO EMPEROR','MACHO',null,'000000000000000','000000000000001',2);
INSERT INTO TB_ANIMAL (TX_REGISTRO,TX_APELIDO,DT_NASCIMENTO,TX_NOME,TX_SEXO,IN_STATUS,TX_REGISTRO_MAE,TX_REGISTRO_PAI,CD_PROPRIEDADE) VALUES ('PR73597','UMBARA',to_timestamp('10/01/79','DD/MM/RR HH24:MI:SSXFF'),'MARCIA DE UMBARA','FEMEA','DESCARTE','000000000000000','000000000000001',5);
INSERT INTO TB_ANIMAL (TX_REGISTRO,TX_APELIDO,DT_NASCIMENTO,TX_NOME,TX_SEXO,IN_STATUS,TX_REGISTRO_MAE,TX_REGISTRO_PAI,CD_PROPRIEDADE) VALUES ('AX102489','ROB',to_timestamp('19/11/93','DD/MM/RR HH24:MI:SSXFF'),'DIAMOND-W PRE ROB-ET ','MACHO',null,'000000000000000','000000000000001',5);
INSERT INTO TB_ANIMAL (TX_REGISTRO,TX_APELIDO,DT_NASCIMENTO,TX_NOME,TX_SEXO,IN_STATUS,TX_REGISTRO_MAE,TX_REGISTRO_PAI,CD_PROPRIEDADE) VALUES ('AX117689','GARRISON ',to_timestamp('19/06/00','DD/MM/RR HH24:MI:SSXFF'),'PENN-ENGLAND GARRISON ET ','MACHO',null,'000000000000000','000000000000001',1);
INSERT INTO TB_ANIMAL (TX_REGISTRO,TX_APELIDO,DT_NASCIMENTO,TX_NOME,TX_SEXO,IN_STATUS,TX_REGISTRO_MAE,TX_REGISTRO_PAI,CD_PROPRIEDADE) VALUES ('AX104928','LANTZ ',to_timestamp('29/04/94','DD/MM/RR HH24:MI:SSXFF'),'RICECREST LANTZ-ET ','MACHO',null,'000000000000000','000000000000001',3);
INSERT INTO TB_ANIMAL (TX_REGISTRO,TX_APELIDO,DT_NASCIMENTO,TX_NOME,TX_SEXO,IN_STATUS,TX_REGISTRO_MAE,TX_REGISTRO_PAI,CD_PROPRIEDADE) VALUES ('AX47677','BELLTONE ',to_timestamp('28/07/82','DD/MM/RR HH24:MI:SSXFF'),'CA-LILL BELLTONE ','MACHO',null,'000000000000000','000000000000001',2);
INSERT INTO TB_ANIMAL (TX_REGISTRO,TX_APELIDO,DT_NASCIMENTO,TX_NOME,TX_SEXO,IN_STATUS,TX_REGISTRO_MAE,TX_REGISTRO_PAI,CD_PROPRIEDADE) VALUES ('PR67858','OLGA',to_timestamp('12/10/80','DD/MM/RR HH24:MI:SSXFF'),'OLGA 441 DA ESTRELA VERDE','FEMEA','DESCARTE','000000000000000','000000000000001',1);
INSERT INTO TB_ANIMAL (TX_REGISTRO,TX_APELIDO,DT_NASCIMENTO,TX_NOME,TX_SEXO,IN_STATUS,TX_REGISTRO_MAE,TX_REGISTRO_PAI,CD_PROPRIEDADE) VALUES ('AX93691','AEROLINE ',to_timestamp('09/06/91','DD/MM/RR HH24:MI:SSXFF'),'OLIVEHOLME AEROLINE-TW-ET ','MACHO',null,'000000000000000','AX58867',1);
INSERT INTO TB_ANIMAL (TX_REGISTRO,TX_APELIDO,DT_NASCIMENTO,TX_NOME,TX_SEXO,IN_STATUS,TX_REGISTRO_MAE,TX_REGISTRO_PAI,CD_PROPRIEDADE) VALUES ('AX106458','DAZZLER ',to_timestamp('30/10/94','DD/MM/RR HH24:MI:SSXFF'),'RADINE BELLTONE DAZZLER-ET ','MACHO',null,'000000000000000','AX47677',2);
INSERT INTO TB_ANIMAL (TX_REGISTRO,TX_APELIDO,DT_NASCIMENTO,TX_NOME,TX_SEXO,IN_STATUS,TX_REGISTRO_MAE,TX_REGISTRO_PAI,CD_PROPRIEDADE) VALUES ('BR1421082','CAROL',to_timestamp('19/08/03','DD/MM/RR HH24:MI:SSXFF'),'AQUIDAUANA CAROLINA 3052 EQUINOX','FEMEA','LACTACAO','BR1269733','AX110969',1);
INSERT INTO TB_ANIMAL (TX_REGISTRO,TX_APELIDO,DT_NASCIMENTO,TX_NOME,TX_SEXO,IN_STATUS,TX_REGISTRO_MAE,TX_REGISTRO_PAI,CD_PROPRIEDADE) VALUES ('PR112710','EMPEROR',to_timestamp('21/01/86','DD/MM/RR HH24:MI:SSXFF'),'BULGARIA EMPEROR DE UMBARA','FEMEA','LACTACAO','PR73597','AX13847',5);
INSERT INTO TB_ANIMAL (TX_REGISTRO,TX_APELIDO,DT_NASCIMENTO,TX_NOME,TX_SEXO,IN_STATUS,TX_REGISTRO_MAE,TX_REGISTRO_PAI,CD_PROPRIEDADE) VALUES ('BR1202195','JASPER',to_timestamp('01/01/98','DD/MM/RR HH24:MI:SSXFF'),'PE DA SERRA JASPER JUROR','FEMEA','AMAMENTACAO','PR112710','AX83408',3);
INSERT INTO TB_ANIMAL (TX_REGISTRO,TX_APELIDO,DT_NASCIMENTO,TX_NOME,TX_SEXO,IN_STATUS,TX_REGISTRO_MAE,TX_REGISTRO_PAI,CD_PROPRIEDADE) VALUES ('BR1341310','LUSON',to_timestamp('11/12/99','DD/MM/RR HH24:MI:SSXFF'),'PE DA SERRA LUSON ROB','FEMEA','GESTACAO','BR1202195','AX102489',4);
INSERT INTO TB_ANIMAL (TX_REGISTRO,TX_APELIDO,DT_NASCIMENTO,TX_NOME,TX_SEXO,IN_STATUS,TX_REGISTRO_MAE,TX_REGISTRO_PAI,CD_PROPRIEDADE) VALUES ('BR1341308','LACADA',to_timestamp('17/11/00','DD/MM/RR HH24:MI:SSXFF'),'PE DA SERRA LACADA DAZZLER','FEMEA','LACTACAO','BR1202195','AX106458',3);
INSERT INTO TB_ANIMAL (TX_REGISTRO,TX_APELIDO,DT_NASCIMENTO,TX_NOME,TX_SEXO,IN_STATUS,TX_REGISTRO_MAE,TX_REGISTRO_PAI,CD_PROPRIEDADE) VALUES ('BR1430134','QUINTA',to_timestamp('26/08/04','DD/MM/RR HH24:MI:SSXFF'),'FAZENDA TUIUTI QUINTA LANTZ','FEMEA','DESCARTE','BR1202195','AX104928',5);
INSERT INTO TB_ANIMAL (TX_REGISTRO,TX_APELIDO,DT_NASCIMENTO,TX_NOME,TX_SEXO,IN_STATUS,TX_REGISTRO_MAE,TX_REGISTRO_PAI,CD_PROPRIEDADE) VALUES ('BR1486758','TELMINHA',to_timestamp('10/04/07','DD/MM/RR HH24:MI:SSXFF'),'FAZENDA TUIUTI TELMINHA GARRISON','FEMEA','GESTACAO','BR1202195','AX117689',2);
INSERT INTO TB_ANIMAL (TX_REGISTRO,TX_APELIDO,DT_NASCIMENTO,TX_NOME,TX_SEXO,IN_STATUS,TX_REGISTRO_MAE,TX_REGISTRO_PAI,CD_PROPRIEDADE) VALUES ('PR99568','ESTRELA',to_timestamp('09/08/85','DD/MM/RR HH24:MI:SSXFF'),'OLGA 4411 DA ESTRELA VERDE','FEMEA','DESCARTE','PR67858','AX26266',2);
INSERT INTO TB_ANIMAL (TX_REGISTRO,TX_APELIDO,DT_NASCIMENTO,TX_NOME,TX_SEXO,IN_STATUS,TX_REGISTRO_MAE,TX_REGISTRO_PAI,CD_PROPRIEDADE) VALUES ('BX218180','REALEZA',to_timestamp('24/08/93','DD/MM/RR HH24:MI:SSXFF'),'SUZAMARA REALEZA MASCOT TE','FEMEA','DESCARTE','PR99568','AX64978',1);
INSERT INTO TB_ANIMAL (TX_REGISTRO,TX_APELIDO,DT_NASCIMENTO,TX_NOME,TX_SEXO,IN_STATUS,TX_REGISTRO_MAE,TX_REGISTRO_PAI,CD_PROPRIEDADE) VALUES ('BX240467','MARAVILHA',to_timestamp('02/07/97','DD/MM/RR HH24:MI:SSXFF'),'SUZAMARA MARAVILHA RAIDER TE','FEMEA','DESCARTE','BX218180','AX64813',2);
INSERT INTO TB_ANIMAL (TX_REGISTRO,TX_APELIDO,DT_NASCIMENTO,TX_NOME,TX_SEXO,IN_STATUS,TX_REGISTRO_MAE,TX_REGISTRO_PAI,CD_PROPRIEDADE) VALUES ('BX274027','SABRINA',to_timestamp('03/10/99','DD/MM/RR HH24:MI:SSXFF'),'SUZAMARA BELLWOOD SABRINA','FEMEA','GESTACAO','BX240467','AX80928',2);
INSERT INTO TB_ANIMAL (TX_REGISTRO,TX_APELIDO,DT_NASCIMENTO,TX_NOME,TX_SEXO,IN_STATUS,TX_REGISTRO_MAE,TX_REGISTRO_PAI,CD_PROPRIEDADE) VALUES ('BX310288','SHEILA',to_timestamp('30/12/01','DD/MM/RR HH24:MI:SSXFF'),'SUZAMARA SHEILA AEROLINE','FEMEA','LACTACAO','BX240467','AX93691',2);
INSERT INTO TB_ANIMAL (TX_REGISTRO,TX_APELIDO,DT_NASCIMENTO,TX_NOME,TX_SEXO,IN_STATUS,TX_REGISTRO_MAE,TX_REGISTRO_PAI,CD_PROPRIEDADE) VALUES ('BX310289','LEILA',to_timestamp('30/12/01','DD/MM/RR HH24:MI:SSXFF'),'SUZAMARA LEILA AEROLINE','FEMEA','LACTACAO','BX240467','AX93691',2);
INSERT INTO TB_ANIMAL (TX_REGISTRO,TX_APELIDO,DT_NASCIMENTO,TX_NOME,TX_SEXO,IN_STATUS,TX_REGISTRO_MAE,TX_REGISTRO_PAI,CD_PROPRIEDADE) VALUES ('AX103910','BARTOLO',to_timestamp('27/09/99','DD/MM/RR HH24:MI:SSXFF'),'GHB BARTOLO RUDOLF TE','MACHO',null,'BX240467','AX89704',3);
INSERT INTO TB_ANIMAL (TX_REGISTRO,TX_APELIDO,DT_NASCIMENTO,TX_NOME,TX_SEXO,IN_STATUS,TX_REGISTRO_MAE,TX_REGISTRO_PAI,CD_PROPRIEDADE) VALUES ('BX339857','ALICE',to_timestamp('16/06/04','DD/MM/RR HH24:MI:SSXFF'),'SUZAMARA ALICE OUTSIDE','FEMEA','AMAMENTACAO','BX240467','AX105488',2);
INSERT INTO TB_ANIMAL (TX_REGISTRO,TX_APELIDO,DT_NASCIMENTO,TX_NOME,TX_SEXO,IN_STATUS,TX_REGISTRO_MAE,TX_REGISTRO_PAI,CD_PROPRIEDADE) VALUES ('BX339856','ALICIA',to_timestamp('16/06/04','DD/MM/RR HH24:MI:SSXFF'),'SUZAMARA ALICIA OUTSIDE','FEMEA','AMAMENTACAO','BX240467','AX105488',2);
INSERT INTO TB_ANIMAL (TX_REGISTRO,TX_APELIDO,DT_NASCIMENTO,TX_NOME,TX_SEXO,IN_STATUS,TX_REGISTRO_MAE,TX_REGISTRO_PAI,CD_PROPRIEDADE) VALUES ('AX121119','JAGUNCO',to_timestamp('16/10/06','DD/MM/RR HH24:MI:SSXFF'),'SUZAMARA OUTSIDE JAGUNCO','MACHO',null,'BX240467','AX105488',2);
INSERT INTO TB_ANIMAL (TX_REGISTRO,TX_APELIDO,DT_NASCIMENTO,TX_NOME,TX_SEXO,IN_STATUS,TX_REGISTRO_MAE,TX_REGISTRO_PAI,CD_PROPRIEDADE) VALUES ('BX353142','GELIANE',to_timestamp('03/08/05','DD/MM/RR HH24:MI:SSXFF'),'SUZAMARA GELIANE STORMATIC','FEMEA','GESTACAO','BX240467','AX113282',1);
INSERT INTO TB_ANIMAL (TX_REGISTRO,TX_APELIDO,DT_NASCIMENTO,TX_NOME,TX_SEXO,IN_STATUS,TX_REGISTRO_MAE,TX_REGISTRO_PAI,CD_PROPRIEDADE) VALUES ('BX360724','FORMOSA',to_timestamp('02/11/05','DD/MM/RR HH24:MI:SSXFF'),'SUZAMARA STORMATIC FORMOSA TE','FEMEA','LACTACAO','BX240467','AX113282',1);
INSERT INTO TB_ANIMAL (TX_REGISTRO,TX_APELIDO,DT_NASCIMENTO,TX_NOME,TX_SEXO,IN_STATUS,TX_REGISTRO_MAE,TX_REGISTRO_PAI,CD_PROPRIEDADE) VALUES ('AX128175','SOBERANO ',to_timestamp('10/12/06','DD/MM/RR HH24:MI:SSXFF'),'FAZENDA TUIUTI SOBERANO ROY ','MACHO',null,'BX339856','AX128175',3);
INSERT INTO TB_ANIMAL (TX_REGISTRO,TX_APELIDO,DT_NASCIMENTO,TX_NOME,TX_SEXO,IN_STATUS,TX_REGISTRO_MAE,TX_REGISTRO_PAI,CD_PROPRIEDADE) VALUES ('BR1579179','BALI',to_timestamp('09/01/10','DD/MM/RR HH24:MI:SSXFF'),'FAZENDA TUIUTI BALI SOBERANO','FEMEA','DESCARTE','BR1421082','AX128175',4);
INSERT INTO TB_ANIMAL (TX_REGISTRO,TX_APELIDO,DT_NASCIMENTO,TX_NOME,TX_SEXO,IN_STATUS,TX_REGISTRO_MAE,TX_REGISTRO_PAI,CD_PROPRIEDADE) VALUES ('BR1588986','AVELA',to_timestamp('05/03/09','DD/MM/RR HH24:MI:SSXFF'),'FAZENDA TUIUTI AVELA SOBERANO 516','FEMEA','DESCARTE','BR1202195','AX128175',2);

-- CLASSIFICACAO LINEAR
INSERT INTO TB_CLASSIFICACAO_LINEAR (CD_CODIGO,VL_ALTURA_UBERE_POST,VL_ANGULO_CASCO,VL_ANGULO_GARUPA,VL_ANGULOSIDADE,TX_CLASS_FINAL,VL_COLOC_TETOS_ANT,VL_COLOCACAO_TETOS_POST,VL_COMPRIMENTO_TETOS,DT_CLASSIFICACAO,VL_ESCORE_CORPORAL,VL_ESTATURA,VL_FORCA_LOMBO,VL_INSERCAO_UBERE_ANT,VL_LACTACAO,VL_LARGURA_GARUPA,VL_LARGURA_PEITO,VL_LARGURA_UBERE_POST,VL_LIGAMENTO_MEDIO,VL_NIV_NIVEL_SUP,VL_PERNAS_POST_LATERAL,VL_PERNAS_POST_POST,VL_PONT_FINAL,VL_PONT_FORCA_LEITEIRA,VL_PONT_GARUPA,VL_PONT_PERNAS_PES,VL_PONT_SISTEMA_MAMARIO,VL_PROFUNDIDADE_CORPORAL,VL_PROFUND_TALAO,VL_PROFUND_UBERE,VL_QUALIDADE_OSSEA,VL_TEXTURA_UBERE,CD_ANIMAL) VALUES (10,6,5,6,6,'B+',5,5,7,to_timestamp('05/12/08','DD/MM/RR HH24:MI:SSXFF'),3,9,5,6,1,6,7,5,6,4,5,5,82,85,82,81,81,5,5,5,6,7,'BX360724');
INSERT INTO TB_CLASSIFICACAO_LINEAR (CD_CODIGO,VL_ALTURA_UBERE_POST,VL_ANGULO_CASCO,VL_ANGULO_GARUPA,VL_ANGULOSIDADE,TX_CLASS_FINAL,VL_COLOC_TETOS_ANT,VL_COLOCACAO_TETOS_POST,VL_COMPRIMENTO_TETOS,DT_CLASSIFICACAO,VL_ESCORE_CORPORAL,VL_ESTATURA,VL_FORCA_LOMBO,VL_INSERCAO_UBERE_ANT,VL_LACTACAO,VL_LARGURA_GARUPA,VL_LARGURA_PEITO,VL_LARGURA_UBERE_POST,VL_LIGAMENTO_MEDIO,VL_NIV_NIVEL_SUP,VL_PERNAS_POST_LATERAL,VL_PERNAS_POST_POST,VL_PONT_FINAL,VL_PONT_FORCA_LEITEIRA,VL_PONT_GARUPA,VL_PONT_PERNAS_PES,VL_PONT_SISTEMA_MAMARIO,VL_PROFUNDIDADE_CORPORAL,VL_PROFUND_TALAO,VL_PROFUND_UBERE,VL_QUALIDADE_OSSEA,VL_TEXTURA_UBERE,CD_ANIMAL) VALUES (13,8,4,5,8,'B+',5,5,3,to_timestamp('07/03/09','DD/MM/RR HH24:MI:SSXFF'),2,6,6,7,1,6,5,8,5,4,5,7,80,81,82,83,78,5,2,3,9,6,'BR1269733');
INSERT INTO TB_CLASSIFICACAO_LINEAR (CD_CODIGO,VL_ALTURA_UBERE_POST,VL_ANGULO_CASCO,VL_ANGULO_GARUPA,VL_ANGULOSIDADE,TX_CLASS_FINAL,VL_COLOC_TETOS_ANT,VL_COLOCACAO_TETOS_POST,VL_COMPRIMENTO_TETOS,DT_CLASSIFICACAO,VL_ESCORE_CORPORAL,VL_ESTATURA,VL_FORCA_LOMBO,VL_INSERCAO_UBERE_ANT,VL_LACTACAO,VL_LARGURA_GARUPA,VL_LARGURA_PEITO,VL_LARGURA_UBERE_POST,VL_LIGAMENTO_MEDIO,VL_NIV_NIVEL_SUP,VL_PERNAS_POST_LATERAL,VL_PERNAS_POST_POST,VL_PONT_FINAL,VL_PONT_FORCA_LEITEIRA,VL_PONT_GARUPA,VL_PONT_PERNAS_PES,VL_PONT_SISTEMA_MAMARIO,VL_PROFUNDIDADE_CORPORAL,VL_PROFUND_TALAO,VL_PROFUND_UBERE,VL_QUALIDADE_OSSEA,VL_TEXTURA_UBERE,CD_ANIMAL) VALUES (14,4,7,5,5,'B',5,3,5,to_timestamp('03/03/09','DD/MM/RR HH24:MI:SSXFF'),5,9,5,7,1,6,7,3,6,5,3,7,79,84,81,78,77,7,7,7,4,5,'BR1421082');
INSERT INTO TB_CLASSIFICACAO_LINEAR (CD_CODIGO,VL_ALTURA_UBERE_POST,VL_ANGULO_CASCO,VL_ANGULO_GARUPA,VL_ANGULOSIDADE,TX_CLASS_FINAL,VL_COLOC_TETOS_ANT,VL_COLOCACAO_TETOS_POST,VL_COMPRIMENTO_TETOS,DT_CLASSIFICACAO,VL_ESCORE_CORPORAL,VL_ESTATURA,VL_FORCA_LOMBO,VL_INSERCAO_UBERE_ANT,VL_LACTACAO,VL_LARGURA_GARUPA,VL_LARGURA_PEITO,VL_LARGURA_UBERE_POST,VL_LIGAMENTO_MEDIO,VL_NIV_NIVEL_SUP,VL_PERNAS_POST_LATERAL,VL_PERNAS_POST_POST,VL_PONT_FINAL,VL_PONT_FORCA_LEITEIRA,VL_PONT_GARUPA,VL_PONT_PERNAS_PES,VL_PONT_SISTEMA_MAMARIO,VL_PROFUNDIDADE_CORPORAL,VL_PROFUND_TALAO,VL_PROFUND_UBERE,VL_QUALIDADE_OSSEA,VL_TEXTURA_UBERE,CD_ANIMAL) VALUES (15,7,5,5,8,'MB',3,5,7,to_timestamp('03/09/08','DD/MM/RR HH24:MI:SSXFF'),3,7,7,5,4,7,7,7,5,6,7,3,85,87,85,83,85,7,3,5,7,6,'BX240467');
INSERT INTO TB_CLASSIFICACAO_LINEAR (CD_CODIGO,VL_ALTURA_UBERE_POST,VL_ANGULO_CASCO,VL_ANGULO_GARUPA,VL_ANGULOSIDADE,TX_CLASS_FINAL,VL_COLOC_TETOS_ANT,VL_COLOCACAO_TETOS_POST,VL_COMPRIMENTO_TETOS,DT_CLASSIFICACAO,VL_ESCORE_CORPORAL,VL_ESTATURA,VL_FORCA_LOMBO,VL_INSERCAO_UBERE_ANT,VL_LACTACAO,VL_LARGURA_GARUPA,VL_LARGURA_PEITO,VL_LARGURA_UBERE_POST,VL_LIGAMENTO_MEDIO,VL_NIV_NIVEL_SUP,VL_PERNAS_POST_LATERAL,VL_PERNAS_POST_POST,VL_PONT_FINAL,VL_PONT_FORCA_LEITEIRA,VL_PONT_GARUPA,VL_PONT_PERNAS_PES,VL_PONT_SISTEMA_MAMARIO,VL_PROFUNDIDADE_CORPORAL,VL_PROFUND_TALAO,VL_PROFUND_UBERE,VL_QUALIDADE_OSSEA,VL_TEXTURA_UBERE,CD_ANIMAL) VALUES (16,8,7,5,9,'EX',5,5,6,to_timestamp('02/11/07','DD/MM/RR HH24:MI:SSXFF'),3,7,8,9,3,9,7,8,9,6,4,8,91,91,91,90,91,7,5,5,9,8,'PR112710');
INSERT INTO TB_CLASSIFICACAO_LINEAR (CD_CODIGO,VL_ALTURA_UBERE_POST,VL_ANGULO_CASCO,VL_ANGULO_GARUPA,VL_ANGULOSIDADE,TX_CLASS_FINAL,VL_COLOC_TETOS_ANT,VL_COLOCACAO_TETOS_POST,VL_COMPRIMENTO_TETOS,DT_CLASSIFICACAO,VL_ESCORE_CORPORAL,VL_ESTATURA,VL_FORCA_LOMBO,VL_INSERCAO_UBERE_ANT,VL_LACTACAO,VL_LARGURA_GARUPA,VL_LARGURA_PEITO,VL_LARGURA_UBERE_POST,VL_LIGAMENTO_MEDIO,VL_NIV_NIVEL_SUP,VL_PERNAS_POST_LATERAL,VL_PERNAS_POST_POST,VL_PONT_FINAL,VL_PONT_FORCA_LEITEIRA,VL_PONT_GARUPA,VL_PONT_PERNAS_PES,VL_PONT_SISTEMA_MAMARIO,VL_PROFUNDIDADE_CORPORAL,VL_PROFUND_TALAO,VL_PROFUND_UBERE,VL_QUALIDADE_OSSEA,VL_TEXTURA_UBERE,CD_ANIMAL) VALUES (19,8,5,5,7,'B+',4,5,7,to_timestamp('05/03/09','DD/MM/RR HH24:MI:SSXFF'),3,7,8,5,2,7,5,7,7,6,3,6,83,85,85,81,83,6,5,5,4,7,'BR1430134');
INSERT INTO TB_CLASSIFICACAO_LINEAR (CD_CODIGO,VL_ALTURA_UBERE_POST,VL_ANGULO_CASCO,VL_ANGULO_GARUPA,VL_ANGULOSIDADE,TX_CLASS_FINAL,VL_COLOC_TETOS_ANT,VL_COLOCACAO_TETOS_POST,VL_COMPRIMENTO_TETOS,DT_CLASSIFICACAO,VL_ESCORE_CORPORAL,VL_ESTATURA,VL_FORCA_LOMBO,VL_INSERCAO_UBERE_ANT,VL_LACTACAO,VL_LARGURA_GARUPA,VL_LARGURA_PEITO,VL_LARGURA_UBERE_POST,VL_LIGAMENTO_MEDIO,VL_NIV_NIVEL_SUP,VL_PERNAS_POST_LATERAL,VL_PERNAS_POST_POST,VL_PONT_FINAL,VL_PONT_FORCA_LEITEIRA,VL_PONT_GARUPA,VL_PONT_PERNAS_PES,VL_PONT_SISTEMA_MAMARIO,VL_PROFUNDIDADE_CORPORAL,VL_PROFUND_TALAO,VL_PROFUND_UBERE,VL_QUALIDADE_OSSEA,VL_TEXTURA_UBERE,CD_ANIMAL) VALUES (11,7,7,3,6,'B+',3,3,4,to_timestamp('02/01/09','DD/MM/RR HH24:MI:SSXFF'),3,9,7,5,1,8,6,5,4,5,3,6,80,83,78,80,78,5,7,7,5,8,'BR1202195');
INSERT INTO TB_CLASSIFICACAO_LINEAR (CD_CODIGO,VL_ALTURA_UBERE_POST,VL_ANGULO_CASCO,VL_ANGULO_GARUPA,VL_ANGULOSIDADE,TX_CLASS_FINAL,VL_COLOC_TETOS_ANT,VL_COLOCACAO_TETOS_POST,VL_COMPRIMENTO_TETOS,DT_CLASSIFICACAO,VL_ESCORE_CORPORAL,VL_ESTATURA,VL_FORCA_LOMBO,VL_INSERCAO_UBERE_ANT,VL_LACTACAO,VL_LARGURA_GARUPA,VL_LARGURA_PEITO,VL_LARGURA_UBERE_POST,VL_LIGAMENTO_MEDIO,VL_NIV_NIVEL_SUP,VL_PERNAS_POST_LATERAL,VL_PERNAS_POST_POST,VL_PONT_FINAL,VL_PONT_FORCA_LEITEIRA,VL_PONT_GARUPA,VL_PONT_PERNAS_PES,VL_PONT_SISTEMA_MAMARIO,VL_PROFUNDIDADE_CORPORAL,VL_PROFUND_TALAO,VL_PROFUND_UBERE,VL_QUALIDADE_OSSEA,VL_TEXTURA_UBERE,CD_ANIMAL) VALUES (12,7,4,6,7,'B+',3,5,6,to_timestamp('05/01/09','DD/MM/RR HH24:MI:SSXFF'),3,8,6,3,1,7,5,7,8,6,5,6,80,82,83,79,80,6,2,4,7,7,'BR1341310');
INSERT INTO TB_CLASSIFICACAO_LINEAR (CD_CODIGO,VL_ALTURA_UBERE_POST,VL_ANGULO_CASCO,VL_ANGULO_GARUPA,VL_ANGULOSIDADE,TX_CLASS_FINAL,VL_COLOC_TETOS_ANT,VL_COLOCACAO_TETOS_POST,VL_COMPRIMENTO_TETOS,DT_CLASSIFICACAO,VL_ESCORE_CORPORAL,VL_ESTATURA,VL_FORCA_LOMBO,VL_INSERCAO_UBERE_ANT,VL_LACTACAO,VL_LARGURA_GARUPA,VL_LARGURA_PEITO,VL_LARGURA_UBERE_POST,VL_LIGAMENTO_MEDIO,VL_NIV_NIVEL_SUP,VL_PERNAS_POST_LATERAL,VL_PERNAS_POST_POST,VL_PONT_FINAL,VL_PONT_FORCA_LEITEIRA,VL_PONT_GARUPA,VL_PONT_PERNAS_PES,VL_PONT_SISTEMA_MAMARIO,VL_PROFUNDIDADE_CORPORAL,VL_PROFUND_TALAO,VL_PROFUND_UBERE,VL_QUALIDADE_OSSEA,VL_TEXTURA_UBERE,CD_ANIMAL) VALUES (17,9,5,5,7,'MB',5,5,5,to_timestamp('06/11/07','DD/MM/RR HH24:MI:SSXFF'),3,8,7,9,1,8,6,9,6,5,5,8,85,85,83,86,87,5,5,5,9,9,'BX218180');
INSERT INTO TB_CLASSIFICACAO_LINEAR (CD_CODIGO,VL_ALTURA_UBERE_POST,VL_ANGULO_CASCO,VL_ANGULO_GARUPA,VL_ANGULOSIDADE,TX_CLASS_FINAL,VL_COLOC_TETOS_ANT,VL_COLOCACAO_TETOS_POST,VL_COMPRIMENTO_TETOS,DT_CLASSIFICACAO,VL_ESCORE_CORPORAL,VL_ESTATURA,VL_FORCA_LOMBO,VL_INSERCAO_UBERE_ANT,VL_LACTACAO,VL_LARGURA_GARUPA,VL_LARGURA_PEITO,VL_LARGURA_UBERE_POST,VL_LIGAMENTO_MEDIO,VL_NIV_NIVEL_SUP,VL_PERNAS_POST_LATERAL,VL_PERNAS_POST_POST,VL_PONT_FINAL,VL_PONT_FORCA_LEITEIRA,VL_PONT_GARUPA,VL_PONT_PERNAS_PES,VL_PONT_SISTEMA_MAMARIO,VL_PROFUNDIDADE_CORPORAL,VL_PROFUND_TALAO,VL_PROFUND_UBERE,VL_QUALIDADE_OSSEA,VL_TEXTURA_UBERE,CD_ANIMAL) VALUES (18,8,6,5,7,'B+',4,5,7,to_timestamp('02/07/10','DD/MM/RR HH24:MI:SSXFF'),3,8,6,5,1,6,5,5,7,5,5,7,81,82,82,85,80,5,7,4,8,5,'BR1588986');

-- PROVA TOURO
INSERT INTO TB_PROVA_TOURO (CD_CODIGO,VL_ALTURA_UBERE_POST,VL_ANGULO_CASCO,VL_ANGULO_GARUPA,VL_ANGULOSIDADE,VL_COLOC_TETOS_ANT,VL_COLOCACAO_TETOS_POST,VL_COMPRIMENTO_TETOS,PC_CONFIABILIDADE_CONFORMACAO,PC_CONFIABILIDADE_PRODUCAO,DT_ULTIMA_ATUALIZACAO,VL_ESTATURA,PC_GORDURA,VL_INSERCAO_UBERE_ANT,VL_LARGURA_GARUPA,VL_LARGURA_PEITO,VL_LARGURA_UBERE_POST,VL_LIGAMENTO_MEDIO,VL_PERNAS_POST_LATERAL,VL_PERNAS_POST_POST,VL_PRECO,VL_PROFUNDIDADE_CORPORAL,VL_PROFUND_TALAO,VL_PROFUND_UBERE,PC_PROTEINA,VL_QUANT_FILHAS,KG_LEITE,CD_ANIMAL) VALUES (14,7,5,0,9,6,1,5,70,74,to_timestamp('03/04/09','DD/MM/RR HH24:MI:SSXFF'),9,57,9,9,9,4,8,1,6,70000,8,7,7,48,103,1801,'AX102489');
INSERT INTO TB_PROVA_TOURO (CD_CODIGO,VL_ALTURA_UBERE_POST,VL_ANGULO_CASCO,VL_ANGULO_GARUPA,VL_ANGULOSIDADE,VL_COLOC_TETOS_ANT,VL_COLOCACAO_TETOS_POST,VL_COMPRIMENTO_TETOS,PC_CONFIABILIDADE_CONFORMACAO,PC_CONFIABILIDADE_PRODUCAO,DT_ULTIMA_ATUALIZACAO,VL_ESTATURA,PC_GORDURA,VL_INSERCAO_UBERE_ANT,VL_LARGURA_GARUPA,VL_LARGURA_PEITO,VL_LARGURA_UBERE_POST,VL_LIGAMENTO_MEDIO,VL_PERNAS_POST_LATERAL,VL_PERNAS_POST_POST,VL_PRECO,VL_PROFUNDIDADE_CORPORAL,VL_PROFUND_TALAO,VL_PROFUND_UBERE,PC_PROTEINA,VL_QUANT_FILHAS,KG_LEITE,CD_ANIMAL) VALUES (0,2,-4,7,9,9,5,6,96,98,to_timestamp('06/06/10','DD/MM/RR HH24:MI:SSXFF'),2,76,5,-3,7,1,-2,1,9,155000,9,-6,2,71,446,1750,'AX110969');
INSERT INTO TB_PROVA_TOURO (CD_CODIGO,VL_ALTURA_UBERE_POST,VL_ANGULO_CASCO,VL_ANGULO_GARUPA,VL_ANGULOSIDADE,VL_COLOC_TETOS_ANT,VL_COLOCACAO_TETOS_POST,VL_COMPRIMENTO_TETOS,PC_CONFIABILIDADE_CONFORMACAO,PC_CONFIABILIDADE_PRODUCAO,DT_ULTIMA_ATUALIZACAO,VL_ESTATURA,PC_GORDURA,VL_INSERCAO_UBERE_ANT,VL_LARGURA_GARUPA,VL_LARGURA_PEITO,VL_LARGURA_UBERE_POST,VL_LIGAMENTO_MEDIO,VL_PERNAS_POST_LATERAL,VL_PERNAS_POST_POST,VL_PRECO,VL_PROFUNDIDADE_CORPORAL,VL_PROFUND_TALAO,VL_PROFUND_UBERE,PC_PROTEINA,VL_QUANT_FILHAS,KG_LEITE,CD_ANIMAL) VALUES (10,9,7,1,9,0,3,1,99,99,to_timestamp('03/10/10','DD/MM/RR HH24:MI:SSXFF'),9,58,9,-2,-1,9,9,1,9,300000,-2,6,6,39,15915,700,'AX103910');
INSERT INTO TB_PROVA_TOURO (CD_CODIGO,VL_ALTURA_UBERE_POST,VL_ANGULO_CASCO,VL_ANGULO_GARUPA,VL_ANGULOSIDADE,VL_COLOC_TETOS_ANT,VL_COLOCACAO_TETOS_POST,VL_COMPRIMENTO_TETOS,PC_CONFIABILIDADE_CONFORMACAO,PC_CONFIABILIDADE_PRODUCAO,DT_ULTIMA_ATUALIZACAO,VL_ESTATURA,PC_GORDURA,VL_INSERCAO_UBERE_ANT,VL_LARGURA_GARUPA,VL_LARGURA_PEITO,VL_LARGURA_UBERE_POST,VL_LIGAMENTO_MEDIO,VL_PERNAS_POST_LATERAL,VL_PERNAS_POST_POST,VL_PRECO,VL_PROFUNDIDADE_CORPORAL,VL_PROFUND_TALAO,VL_PROFUND_UBERE,PC_PROTEINA,VL_QUANT_FILHAS,KG_LEITE,CD_ANIMAL) VALUES (11,9,2,6,-1,4,0,4,87,93,to_timestamp('03/02/09','DD/MM/RR HH24:MI:SSXFF'),4,58,9,4,-2,7,9,6,1,123300,-6,2,9,44,57,1203,'AX105488');
INSERT INTO TB_PROVA_TOURO (CD_CODIGO,VL_ALTURA_UBERE_POST,VL_ANGULO_CASCO,VL_ANGULO_GARUPA,VL_ANGULOSIDADE,VL_COLOC_TETOS_ANT,VL_COLOCACAO_TETOS_POST,VL_COMPRIMENTO_TETOS,PC_CONFIABILIDADE_CONFORMACAO,PC_CONFIABILIDADE_PRODUCAO,DT_ULTIMA_ATUALIZACAO,VL_ESTATURA,PC_GORDURA,VL_INSERCAO_UBERE_ANT,VL_LARGURA_GARUPA,VL_LARGURA_PEITO,VL_LARGURA_UBERE_POST,VL_LIGAMENTO_MEDIO,VL_PERNAS_POST_LATERAL,VL_PERNAS_POST_POST,VL_PRECO,VL_PROFUNDIDADE_CORPORAL,VL_PROFUND_TALAO,VL_PROFUND_UBERE,PC_PROTEINA,VL_QUANT_FILHAS,KG_LEITE,CD_ANIMAL) VALUES (12,9,8,2,9,9,8,8,69,72,to_timestamp('04/12/08','DD/MM/RR HH24:MI:SSXFF'),7,61,9,0,4,9,9,2,7,89000,5,6,6,57,288,2373,'AX93691');
INSERT INTO TB_PROVA_TOURO (CD_CODIGO,VL_ALTURA_UBERE_POST,VL_ANGULO_CASCO,VL_ANGULO_GARUPA,VL_ANGULOSIDADE,VL_COLOC_TETOS_ANT,VL_COLOCACAO_TETOS_POST,VL_COMPRIMENTO_TETOS,PC_CONFIABILIDADE_CONFORMACAO,PC_CONFIABILIDADE_PRODUCAO,DT_ULTIMA_ATUALIZACAO,VL_ESTATURA,PC_GORDURA,VL_INSERCAO_UBERE_ANT,VL_LARGURA_GARUPA,VL_LARGURA_PEITO,VL_LARGURA_UBERE_POST,VL_LIGAMENTO_MEDIO,VL_PERNAS_POST_LATERAL,VL_PERNAS_POST_POST,VL_PRECO,VL_PROFUNDIDADE_CORPORAL,VL_PROFUND_TALAO,VL_PROFUND_UBERE,PC_PROTEINA,VL_QUANT_FILHAS,KG_LEITE,CD_ANIMAL) VALUES (13,9,1,3,9,7,5,8,87,91,to_timestamp('08/12/08','DD/MM/RR HH24:MI:SSXFF'),5,50,4,-1,0,9,9,3,2,98000,4,8,0,51,63,1027,'AX106458');
